level,page_num,block_num,par_num,line_num,word_num,left,top,width,height,conf,text
1,1,0,0,0,0,0,0,1008,756,-1,
2,1,1,0,0,0,892,0,116,54,-1,
3,1,1,1,0,0,892,0,116,54,-1,
4,1,1,1,1,0,892,0,116,54,-1,
5,1,1,1,1,1,892,0,116,54,95.000000, 
2,1,2,0,0,0,892,162,60,146,-1,
3,1,2,1,0,0,892,162,60,146,-1,
4,1,2,1,1,0,892,162,60,146,-1,
5,1,2,1,1,1,892,162,60,146,95.000000, 
2,1,3,0,0,0,324,352,359,67,-1,
3,1,3,1,0,0,324,352,359,67,-1,
4,1,3,1,1,0,441,352,124,23,-1,
5,1,3,1,1,1,441,352,78,23,96.762169,Chuan
5,1,3,1,1,2,533,353,32,22,96.648415,LU
4,1,3,1,2,0,324,388,359,31,-1,
5,1,3,1,2,1,324,388,70,31,96.687775,(With
5,1,3,1,2,2,407,390,70,22,96.555283,credit
5,1,3,1,2,3,488,393,25,19,96.823776,to
5,1,3,1,2,4,527,390,59,28,96.962090,Nigel
5,1,3,1,2,5,601,388,82,31,96.339783,Hardy)
2,1,4,0,0,0,354,465,300,74,-1,
3,1,4,1,0,0,354,465,300,74,-1,
4,1,4,1,1,0,378,465,252,21,-1,
5,1,4,1,1,1,378,465,94,21,96.487877,Modelling
5,1,4,1,1,2,482,465,93,17,96.553185,Persistent
5,1,4,1,1,3,586,465,44,17,96.549271,Data
4,1,4,1,2,0,461,492,86,17,-1,
5,1,4,1,2,1,461,492,86,17,51.461777,CS27020
4,1,4,1,3,0,354,518,300,21,-1,
5,1,4,1,3,1,354,518,96,21,96.068039,Computer
5,1,4,1,3,2,458,518,72,17,96.292480,Science
5,1,4,1,3,3,540,518,114,21,96.347511,Department
2,1,5,0,0,0,950,734,40,16,-1,
3,1,5,1,0,0,950,734,40,16,-1,
4,1,5,1,1,0,950,734,40,16,-1,
5,1,5,1,1,1,950,734,40,16,92.488106,1/24
1,1,0,0,0,0,0,0,1008,756,-1,
2,1,1,0,0,0,892,0,116,110,-1,
3,1,1,1,0,0,892,0,116,110,-1,
4,1,1,1,1,0,892,0,116,110,-1,
5,1,1,1,1,1,892,0,116,110,95.000000, 
2,1,2,0,0,0,69,295,298,35,-1,
3,1,2,1,0,0,69,295,298,35,-1,
4,1,2,1,1,0,69,295,298,35,-1,
5,1,2,1,1,1,69,295,34,35,92.076729,@
5,1,2,1,1,2,118,300,94,22,96.804909,Domain
5,1,2,1,1,3,226,299,141,23,96.639694,Constraints
2,1,3,0,0,0,69,424,297,70,-1,
3,1,3,1,0,0,69,424,297,70,-1,
4,1,3,1,1,0,69,424,297,35,-1,
5,1,3,1,1,1,69,424,34,35,48.328835,e
5,1,3,1,1,2,118,428,131,23,92.701469,Referential
5,1,3,1,1,3,264,429,102,27,96.856628,Integrity
4,1,3,1,2,0,119,466,192,28,-1,
5,1,3,1,2,1,119,473,14,14,78.541656,e
5,1,3,1,2,2,147,466,83,28,96.502945,Simple
5,1,3,1,2,3,242,466,69,23,96.636917,Cases
2,1,4,0,0,0,950,734,40,16,-1,
3,1,4,1,0,0,950,734,40,16,-1,
4,1,4,1,1,0,950,734,40,16,-1,
5,1,4,1,1,1,950,734,40,16,91.520599,2/24
1,2,0,0,0,0,0,0,1008,756,-1,
2,2,1,0,0,0,892,0,116,110,-1,
3,2,1,1,0,0,892,0,116,110,-1,
4,2,1,1,1,0,892,0,116,110,-1,
5,2,1,1,1,1,892,0,116,110,95.000000, 
2,2,2,0,0,0,140,265,638,105,-1,
3,2,2,1,0,0,140,265,638,105,-1,
4,2,2,1,1,0,140,265,638,27,-1,
5,2,2,1,1,1,140,265,48,21,96.930122,The
5,2,2,1,1,2,201,265,112,21,96.344620,relational
5,2,2,1,1,3,328,265,72,21,96.640282,model
5,2,2,1,1,4,413,272,49,20,96.896584,says
5,2,2,1,1,5,474,265,50,21,96.482971,that
5,2,2,1,1,6,536,265,103,21,96.542717,domains
5,2,2,1,1,7,652,269,59,17,96.502335,must
5,2,2,1,1,8,723,266,55,20,96.559364,exist
4,2,2,1,2,0,141,306,543,28,-1,
5,2,2,1,2,1,141,306,52,26,96.937447,SQL
5,2,2,1,2,2,206,307,102,27,96.566002,specifies
5,2,2,1,2,3,320,314,11,14,96.923584,a
5,2,2,1,2,4,346,308,113,20,96.472664,minimum
5,2,2,1,2,5,474,307,33,21,96.947906,list
5,2,2,1,2,6,519,307,25,21,96.878334,of
5,2,2,1,2,7,554,307,53,21,96.589462,data
5,2,2,1,2,8,619,311,65,23,96.644714,types
4,2,2,1,3,0,174,346,344,24,-1,
5,2,2,1,3,1,174,356,11,10,90.096672,e
5,2,2,1,3,2,200,347,69,19,96.952965,Varies
5,2,2,1,3,3,279,347,47,19,96.626595,with
5,2,2,1,3,4,338,348,89,18,96.580307,versions
5,2,2,1,3,5,438,346,22,20,96.769249,of
5,2,2,1,3,6,470,346,48,24,96.130539,SQL
2,2,3,0,0,0,142,389,639,58,-1,
3,2,3,1,0,0,142,389,639,58,-1,
4,2,3,1,1,0,174,389,607,15,-1,
5,2,3,1,1,1,174,389,11,10,89.892807,@
5,2,3,1,1,2,200,390,49,14,30.781372,https:
5,2,3,1,1,3,254,389,527,15,30.781372,//en.wikibooks.org/wiki/Structured_Query_Language/Data_Types
4,2,3,1,2,0,142,419,590,28,-1,
5,2,3,1,2,1,142,420,57,21,96.515686,Each
5,2,3,1,2,2,214,419,81,23,95.953949,DBMS
5,2,3,1,2,3,307,420,40,21,95.882736,will
5,2,3,1,2,4,360,420,55,21,95.987000,offer
5,2,3,1,2,5,426,420,64,21,96.995544,these
5,2,3,1,2,6,504,420,47,27,96.979050,plus
5,2,3,1,2,7,564,420,96,27,96.483551,possibly
5,2,3,1,2,8,673,427,59,14,96.593315,more
2,2,4,0,0,0,174,461,566,25,-1,
3,2,4,1,0,0,174,461,566,25,-1,
4,2,4,1,1,0,174,461,566,25,-1,
5,2,4,1,1,1,174,469,11,11,68.965950,e
5,2,4,1,1,2,202,461,100,25,92.889313,Postgres:
5,2,4,1,1,3,317,469,193,15,48.149445,nttps://wiw.postgresql
5,2,4,1,1,4,515,469,225,15,48.363327,.org/docs/11/datatype.html
2,2,5,0,0,0,141,504,783,28,-1,
3,2,5,1,0,0,141,504,783,28,-1,
4,2,5,1,1,0,141,504,783,28,-1,
5,2,5,1,1,1,141,504,67,23,96.906891,Some
5,2,5,1,1,2,220,505,119,21,96.452400,attributes
5,2,5,1,1,3,353,512,48,20,96.517883,may
5,2,5,1,1,4,415,505,82,21,96.566223,benefit
5,2,5,1,1,5,509,505,56,21,96.556725,from
5,2,5,1,1,6,578,505,83,27,96.497566,tighter
5,2,5,1,1,7,673,506,123,20,96.805603,constraint
5,2,5,1,1,8,808,512,28,14,96.597878,on
5,2,5,1,1,9,849,505,75,21,96.453186,values
2,2,6,0,0,0,974,735,15,11,-1,
3,2,6,1,0,0,974,735,15,11,-1,
4,2,6,1,1,0,974,735,15,11,-1,
5,2,6,1,1,1,974,735,15,11,93.525482,24
1,3,0,0,0,0,0,0,1008,756,-1,
2,3,1,0,0,0,892,0,116,110,-1,
3,3,1,1,0,0,892,0,116,110,-1,
4,3,1,1,1,0,892,0,116,110,-1,
5,3,1,1,1,1,892,0,116,110,95.000000, 
2,3,2,0,0,0,111,279,688,147,-1,
3,3,2,1,0,0,111,279,688,60,-1,
4,3,2,1,1,0,111,279,688,27,-1,
5,3,2,1,1,1,111,287,13,13,73.078026,e
5,3,2,1,1,2,142,279,101,27,96.605057,Limiting
5,3,2,1,1,3,255,279,130,27,96.604424,acceptable
5,3,2,1,1,4,396,279,76,21,96.957542,values
5,3,2,1,1,5,483,279,63,21,96.637581,when
5,3,2,1,1,6,558,279,39,21,95.391335,the
5,3,2,1,1,7,609,279,60,21,95.391335,table
5,3,2,1,1,8,682,280,16,20,96.484367,is
5,3,2,1,1,9,710,279,89,21,96.402969,created
4,3,2,1,2,0,174,320,192,19,-1,
5,3,2,1,2,1,174,328,11,11,85.390747,e
5,3,2,1,2,2,201,326,21,13,92.275108,or
5,3,2,1,2,3,234,320,132,19,49.864723,“ALTER"”ed
3,3,2,2,0,0,111,362,177,31,-1,
4,3,2,2,1,0,111,362,177,31,-1,
5,3,2,2,1,1,111,371,13,14,34.892616,e
5,3,2,2,1,2,142,362,56,31,96.827339,(NOT
5,3,2,2,1,3,216,362,72,31,96.882126,NULL)
3,3,2,3,0,0,111,405,382,21,-1,
4,3,2,3,1,0,111,405,382,21,-1,
5,3,2,3,1,1,111,413,13,13,39.810795,e@
5,3,2,3,1,2,140,407,78,19,96.673347,CHECK
5,3,2,3,1,3,230,405,86,21,96.081017,clauses
5,3,2,3,1,4,328,412,40,14,96.365074,can
5,3,2,3,1,5,383,405,26,21,96.528870,be
5,3,2,3,1,6,422,405,71,21,95.788773,added
2,3,3,0,0,0,174,446,421,58,-1,
3,3,3,1,0,0,174,446,421,58,-1,
4,3,3,1,1,0,174,446,288,19,-1,
5,3,3,1,1,1,174,454,11,11,25.875107,e
5,3,3,1,1,2,200,449,23,16,96.766762,to
5,3,3,1,1,3,235,446,105,19,95.945396,individual
5,3,3,1,1,4,353,446,109,19,94.796501,attributes
4,3,3,1,2,0,174,479,421,25,-1,
5,3,3,1,2,1,174,488,11,10,65.383118,e
5,3,3,1,2,2,200,482,23,16,96.464569,to
5,3,3,1,2,3,233,479,36,19,96.464569,the
5,3,3,1,2,4,279,479,61,23,95.933907,table,
5,3,3,1,2,5,353,480,122,24,96.775375,concerning
5,3,3,1,2,6,486,479,109,19,96.775375,attributes
1,4,0,0,0,0,0,0,1008,756,-1,
2,4,1,0,0,0,892,0,116,110,-1,
3,4,1,1,0,0,892,0,116,110,-1,
4,4,1,1,1,0,892,0,116,110,-1,
5,4,1,1,1,1,892,0,116,110,95.000000, 
2,4,2,0,0,0,79,246,489,102,-1,
3,4,2,1,0,0,79,246,489,102,-1,
4,4,2,1,1,0,79,246,320,23,-1,
5,4,2,1,1,1,79,247,84,16,95.939301,CREATE
5,4,2,1,1,2,177,248,71,15,95.939301,TABLE
5,4,2,1,1,3,267,248,104,19,92.058220,products
5,4,2,1,1,4,393,246,6,23,92.058220,(
4,4,2,1,2,0,139,274,258,20,-1,
5,4,2,1,2,1,139,274,134,19,92.683083,product_no
5,4,2,1,2,2,295,274,102,20,85.183037,integer
5,4,2,1,2,3,386,270,15,28,85.183037,,
4,4,2,1,3,0,137,302,133,16,-1,
5,4,2,1,3,1,137,305,53,10,96.751518,name
5,4,2,1,3,2,209,302,61,16,96.685181,text,
4,4,2,1,4,0,141,325,427,23,-1,
5,4,2,1,4,1,141,327,60,19,95.520149,price
5,4,2,1,4,2,223,327,93,15,96.477539,numeric
5,4,2,1,4,3,332,326,71,16,96.184860,CHECK
5,4,2,1,4,4,422,325,75,23,96.184860,(price
5,4,2,1,4,5,515,330,14,13,96.671120,>
5,4,2,1,4,6,548,325,20,23,95.879242,0)
2,4,3,0,0,0,83,351,18,23,-1,
3,4,3,1,0,0,83,351,18,23,-1,
4,4,3,1,1,0,83,351,18,23,-1,
5,4,3,1,1,1,83,351,18,23,29.858208,);
2,4,4,0,0,0,79,509,719,64,-1,
3,4,4,1,0,0,79,509,719,64,-1,
4,4,4,1,1,0,80,509,424,27,-1,
5,4,4,1,1,1,80,509,81,21,93.186050,Credit:
5,4,4,1,1,2,180,509,125,27,72.037811,Postgresql
5,4,4,1,1,3,318,509,186,21,96.621452,documentation
4,4,4,1,2,0,79,550,719,23,-1,
5,4,4,1,2,1,79,552,73,21,36.180054,https:
5,4,4,1,2,2,159,550,639,23,36.180054,//www.postgresql.org/docs/11/ddl-constraints.html
1,5,0,0,0,0,0,0,1008,756,-1,
2,5,1,0,0,0,892,0,116,110,-1,
3,5,1,1,0,0,892,0,116,110,-1,
4,5,1,1,1,0,892,0,116,110,-1,
5,5,1,1,1,1,892,0,116,110,95.000000, 
2,5,2,0,0,0,79,238,659,128,-1,
3,5,2,1,0,0,79,238,659,128,-1,
4,5,2,1,1,0,79,238,320,23,-1,
5,5,2,1,1,1,79,239,84,16,95.939301,CREATE
5,5,2,1,1,2,177,240,71,15,95.939301,TABLE
5,5,2,1,1,3,267,240,104,19,92.058220,products
5,5,2,1,1,4,393,238,6,23,92.058220,(
4,5,2,1,2,0,139,266,258,20,-1,
5,5,2,1,2,1,139,266,134,19,92.683083,product_no
5,5,2,1,2,2,295,266,102,20,85.183037,integer
5,5,2,1,2,3,386,262,15,28,85.183037,,
4,5,2,1,3,0,137,295,133,16,-1,
5,5,2,1,3,1,137,298,53,10,96.751518,name
5,5,2,1,3,2,209,295,61,16,96.685181,text,
4,5,2,1,4,0,141,319,175,19,-1,
5,5,2,1,4,1,141,319,60,19,96.258743,price
5,5,2,1,4,2,223,319,93,15,95.958458,numeric
4,5,2,1,5,0,135,343,603,23,-1,
5,5,2,1,5,1,135,344,141,17,93.163429,CONSTRAINT
5,5,2,1,5,2,296,345,187,19,91.573357,positive_price
5,5,2,1,5,3,502,344,71,16,96.528862,CHECK
5,5,2,1,5,4,591,343,76,23,96.528862,(price
5,5,2,1,5,5,685,348,14,13,95.254875,>
5,5,2,1,5,6,717,343,21,23,96.933357,0)
2,5,3,0,0,0,83,370,18,23,-1,
3,5,3,1,0,0,83,370,18,23,-1,
4,5,3,1,1,0,83,370,18,23,-1,
5,5,3,1,1,1,83,370,18,23,29.858208,);
2,5,4,0,0,0,79,520,719,65,-1,
3,5,4,1,0,0,79,520,719,65,-1,
4,5,4,1,1,0,80,520,424,27,-1,
5,5,4,1,1,1,80,520,81,21,93.186050,Credit:
5,5,4,1,1,2,180,520,125,27,72.037811,Postgresql
5,5,4,1,1,3,318,520,186,21,96.621452,documentation
4,5,4,1,2,0,79,562,719,23,-1,
5,5,4,1,2,1,79,564,73,21,36.180054,https:
5,5,4,1,2,2,159,562,639,23,36.180054,//www.postgresql.org/docs/11/ddl-constraints.html
1,6,0,0,0,0,0,0,1008,756,-1,
2,6,1,0,0,0,892,0,116,110,-1,
3,6,1,1,0,0,892,0,116,110,-1,
4,6,1,1,1,0,892,0,116,110,-1,
5,6,1,1,1,1,892,0,116,110,95.000000, 
2,6,2,0,0,0,79,231,489,126,-1,
3,6,2,1,0,0,79,231,489,126,-1,
4,6,2,1,1,0,79,231,320,23,-1,
5,6,2,1,1,1,79,232,84,16,95.939301,CREATE
5,6,2,1,1,2,177,233,71,15,95.939301,TABLE
5,6,2,1,1,3,267,233,104,19,92.058220,products
5,6,2,1,1,4,393,231,6,23,92.058220,(
4,6,2,1,2,0,139,259,258,20,-1,
5,6,2,1,2,1,139,259,134,19,92.683083,product_no
5,6,2,1,2,2,295,259,102,20,85.183037,integer
5,6,2,1,2,3,386,255,15,28,85.183037,,
4,6,2,1,3,0,137,287,133,16,-1,
5,6,2,1,3,1,137,290,53,10,96.751518,name
5,6,2,1,3,2,209,287,61,16,96.685181,text,
4,6,2,1,4,0,141,310,427,23,-1,
5,6,2,1,4,1,141,312,60,19,95.593521,price
5,6,2,1,4,2,223,312,93,15,96.372452,numeric
5,6,2,1,4,3,332,311,71,16,96.190254,CHECK
5,6,2,1,4,4,422,310,75,23,96.190254,(price
5,6,2,1,4,5,515,315,14,13,96.837242,>
5,6,2,1,4,6,548,310,20,23,95.930946,0)
4,6,2,1,5,0,139,337,419,20,-1,
5,6,2,1,5,1,139,338,218,19,89.891914,discounted_price
5,6,2,1,5,2,378,338,93,15,96.217850,numeric
5,6,2,1,5,3,488,337,70,16,96.537827,CHECK
2,6,3,0,0,0,135,336,758,49,-1,
3,6,3,1,0,0,135,336,758,49,-1,
4,6,3,1,1,0,577,336,316,23,-1,
5,6,3,1,1,1,577,336,231,23,92.418198,(discounted_price
5,6,3,1,1,2,826,341,14,13,96.395027,>
5,6,3,1,1,3,858,336,35,23,96.395027,0),
4,6,3,1,2,0,135,362,447,23,-1,
5,6,3,1,2,1,135,363,71,16,96.733116,CHECK
5,6,3,1,2,2,224,362,76,23,96.779564,(price
5,6,3,1,2,3,318,367,14,13,93.303360,>
5,6,3,1,2,4,351,362,231,23,88.735542,discounted_price)
2,6,4,0,0,0,79,531,732,65,-1,
3,6,4,1,0,0,79,531,732,65,-1,
4,6,4,1,1,0,80,531,424,27,-1,
5,6,4,1,1,1,80,531,81,21,93.186050,Credit:
5,6,4,1,1,2,180,531,125,27,72.037811,Postgresql
5,6,4,1,1,3,318,531,186,21,96.621452,documentation
4,6,4,1,2,0,79,573,732,23,-1,
5,6,4,1,2,1,79,575,73,21,25.079239,https:
5,6,4,1,2,2,159,573,652,23,25.079239,//www.postgresql.org/docs/9.6/ddl-constraints.html
1,7,0,0,0,0,0,0,1008,756,-1,
2,7,1,0,0,0,142,294,746,119,-1,
3,7,1,1,0,0,142,294,746,119,-1,
4,7,1,1,1,0,142,294,746,27,-1,
5,7,1,1,1,1,142,294,94,21,96.774895,Domain
5,7,1,1,1,2,249,295,123,20,96.274612,constraint
5,7,1,1,1,3,385,294,63,21,96.496605,could
5,7,1,1,1,4,463,294,27,21,96.080940,be
5,7,1,1,1,5,503,294,38,21,96.080940,left
5,7,1,1,1,6,552,298,25,17,96.359283,to
5,7,1,1,1,7,589,294,38,21,96.359283,the
5,7,1,1,1,8,640,294,133,27,96.286926,application
5,7,1,1,1,9,788,301,100,20,96.022552,program
4,7,1,1,2,0,142,340,342,27,-1,
5,7,1,1,2,1,142,340,116,27,96.658424,Duplicate
5,7,1,1,2,2,271,340,63,25,96.978455,code,
5,7,1,1,2,3,348,347,57,14,96.577301,error
5,7,1,1,2,4,418,347,66,20,96.577301,prone
4,7,1,1,3,0,142,386,708,27,-1,
5,7,1,1,3,1,142,386,97,21,96.581360,Possible
5,7,1,1,3,2,250,386,51,21,96.959251,that
5,7,1,1,3,3,313,387,136,20,96.814957,constraints
5,7,1,1,3,4,460,393,50,20,96.957947,vary
5,7,1,1,3,5,522,386,52,21,96.541306,with
5,7,1,1,3,6,586,387,55,20,96.785767,time
5,7,1,1,3,7,653,393,23,14,96.188126,or
5,7,1,1,3,8,688,387,162,20,96.613617,circumstance
2,7,2,0,0,0,142,428,395,60,-1,
3,7,2,1,0,0,142,428,395,60,-1,
4,7,2,1,1,0,142,428,395,27,-1,
5,7,2,1,1,1,142,428,85,21,96.418701,Double
5,7,2,1,1,2,239,428,70,21,96.640442,check
5,7,2,1,1,3,322,435,48,20,96.943871,may
5,7,2,1,1,4,384,428,26,21,95.970390,be
5,7,2,1,1,5,424,428,113,21,96.180511,beneficial
4,7,2,1,2,0,174,468,267,20,-1,
5,7,2,1,2,1,174,477,11,11,72.686783,e
5,7,2,1,2,2,202,468,66,20,95.586952,“front
5,7,2,1,2,3,279,469,50,19,94.230309,end”
5,7,2,1,2,4,342,468,99,20,96.397797,feedback
2,7,3,0,0,0,892,0,116,110,-1,
3,7,3,1,0,0,892,0,116,110,-1,
4,7,3,1,1,0,892,0,116,110,-1,
5,7,3,1,1,1,892,0,116,110,95.000000, 
2,7,4,0,0,0,952,735,37,11,-1,
3,7,4,1,0,0,952,735,37,11,-1,
4,7,4,1,1,0,952,735,37,11,-1,
5,7,4,1,1,1,952,735,37,11,69.812576,8/24
1,8,0,0,0,0,0,0,1008,756,-1,
2,8,1,0,0,0,111,198,182,27,-1,
3,8,1,1,0,0,111,198,182,27,-1,
4,8,1,1,1,0,111,198,182,27,-1,
5,8,1,1,1,1,111,206,13,13,62.743713,e@
5,8,1,1,1,2,142,198,100,27,96.709015,Multiple
5,8,1,1,1,3,256,205,37,14,96.404251,use
2,8,2,0,0,0,79,266,490,102,-1,
3,8,2,1,0,0,79,266,490,102,-1,
4,8,2,1,1,0,79,266,490,23,-1,
5,8,2,1,1,1,79,267,84,16,96.022278,CREATE
5,8,2,1,1,2,177,267,85,17,95.520660,DOMAIN
5,8,2,1,1,3,279,273,52,10,93.186142,name
5,8,2,1,1,4,353,266,4,23,90.467575,[
5,8,2,1,1,5,375,267,27,17,93.156151,AS
5,8,2,1,1,6,421,266,5,23,79.526390,]
5,8,2,1,1,7,449,268,120,20,90.902756,data_type
4,8,2,1,2,0,141,293,285,23,-1,
5,8,2,1,2,1,141,293,4,23,92.184311,[
5,8,2,1,2,2,164,294,98,17,96.497330,COLLATE
5,8,2,1,2,3,281,295,117,15,93.063591,collation
5,8,2,1,2,4,421,293,5,23,88.502640,]
4,8,2,1,3,0,141,319,299,23,-1,
5,8,2,1,3,1,141,319,4,23,90.719749,[
5,8,2,1,3,2,164,321,98,16,95.042503,DEFAULT
5,8,2,1,3,3,281,321,131,19,92.008469,expression
5,8,2,1,3,4,435,319,5,23,86.005814,]
4,8,2,1,4,0,141,345,299,23,-1,
5,8,2,1,4,1,141,345,4,23,92.024544,[
5,8,2,1,4,2,168,347,132,15,93.115921,constraint
5,8,2,1,4,3,325,345,4,23,90.680275,[
5,8,2,1,4,4,355,360,26,2,86.048042,...
5,8,2,1,4,5,407,345,5,23,86.048042,]
5,8,2,1,4,6,435,345,5,23,87.735085,]
2,8,3,0,0,0,81,400,274,15,-1,
3,8,3,1,0,0,81,400,274,15,-1,
4,8,3,1,1,0,81,400,274,15,-1,
5,8,3,1,1,1,81,400,66,15,96.798271,where
5,8,3,1,1,2,168,400,132,15,95.822006,constraint
5,8,3,1,1,3,325,400,30,15,96.029182,is:
2,8,4,0,0,0,82,450,558,50,-1,
3,8,4,1,0,0,82,450,558,50,-1,
4,8,4,1,1,0,85,450,411,23,-1,
5,8,4,1,1,1,85,450,4,23,91.048080,[
5,8,4,1,1,2,107,451,141,17,93.287071,CONSTRAINT
5,8,4,1,1,3,266,452,204,19,90.389084,constraint_name
5,8,4,1,1,4,492,450,4,23,90.650261,]
4,8,4,1,2,0,82,477,558,23,-1,
5,8,4,1,2,1,82,477,8,23,91.940346,{
5,8,4,1,2,2,106,478,45,17,96.925156,NOT
5,8,4,1,2,3,164,479,56,16,94.326775,NULL
5,8,4,1,2,4,240,478,2,21,94.326775,|
5,8,4,1,2,5,263,479,55,16,96.840919,NULL
5,8,4,1,2,6,339,478,1,21,96.840919,|
5,8,4,1,2,7,361,478,70,16,96.298576,CHECK
5,8,4,1,2,8,450,477,161,23,93.296486,(expression)
5,8,4,1,2,9,632,477,8,23,90.909477,}
2,8,5,0,0,0,79,584,732,65,-1,
3,8,5,1,0,0,79,584,732,65,-1,
4,8,5,1,1,0,80,584,424,27,-1,
5,8,5,1,1,1,80,584,81,21,93.186050,Credit:
5,8,5,1,1,2,180,584,125,27,72.037811,Postgresql
5,8,5,1,1,3,318,584,186,21,96.621452,documentation
4,8,5,1,2,0,79,626,732,23,-1,
5,8,5,1,2,1,79,628,73,21,25.079239,https:
5,8,5,1,2,2,159,626,652,23,25.079239,//www.postgresql.org/docs/9.6/ddl-constraints.html
2,8,6,0,0,0,892,0,116,110,-1,
3,8,6,1,0,0,892,0,116,110,-1,
4,8,6,1,1,0,892,0,116,110,-1,
5,8,6,1,1,1,892,0,116,110,95.000000, 
2,8,7,0,0,0,974,735,15,11,-1,
3,8,7,1,0,0,974,735,15,11,-1,
4,8,7,1,1,0,974,735,15,11,-1,
5,8,7,1,1,1,974,735,15,11,93.525482,24
1,9,0,0,0,0,0,0,1008,756,-1,
2,9,1,0,0,0,892,0,116,110,-1,
3,9,1,1,0,0,892,0,116,110,-1,
4,9,1,1,1,0,892,0,116,110,-1,
5,9,1,1,1,1,892,0,116,110,95.000000, 
2,9,2,0,0,0,79,231,431,20,-1,
3,9,2,1,0,0,79,231,431,20,-1,
4,9,2,1,1,0,79,231,431,20,-1,
5,9,2,1,1,1,79,231,57,17,96.765381,DROP
5,9,2,1,1,2,149,231,85,17,96.299706,DOMAIN
5,9,2,1,1,3,253,232,20,15,85.048569,IF
5,9,2,1,1,4,293,231,80,17,92.939133,EXISTS
5,9,2,1,1,5,392,232,118,19,91.894287,cooktemp;
2,9,3,0,0,0,79,284,558,48,-1,
3,9,3,1,0,0,79,284,558,48,-1,
4,9,3,1,1,0,79,284,408,20,-1,
5,9,3,1,1,1,79,284,84,16,96.648521,CREATE
5,9,3,1,1,2,177,284,85,17,93.210052,DOMAIN
5,9,3,1,1,3,279,285,107,19,91.992142,cooktemp
5,9,3,1,1,4,404,284,27,17,96.720085,AS
5,9,3,1,1,5,448,285,39,15,95.689728,INT
4,9,3,1,2,0,107,309,530,23,-1,
5,9,3,1,2,1,107,310,70,16,93.196121,CHECK
5,9,3,1,2,2,196,309,5,23,92.836006,(
5,9,3,1,2,3,219,311,71,16,95.630768,VALUE
5,9,3,1,2,4,302,314,31,13,95.630768,>=
5,9,3,1,2,5,350,311,36,16,96.541405,100
5,9,3,1,2,6,402,311,45,15,96.454399,AND
5,9,3,1,2,7,459,311,71,16,93.284126,VALUE
5,9,3,1,2,8,547,309,90,23,91.538521,<=250);
2,9,4,0,0,0,79,361,489,101,-1,
3,9,4,1,0,0,79,361,489,101,-1,
4,9,4,1,1,0,79,361,306,23,-1,
5,9,4,1,1,1,79,362,84,16,96.658646,CREATE
5,9,4,1,1,2,177,363,71,15,96.497231,TABLE
5,9,4,1,1,3,268,363,88,19,92.867760,receipe
5,9,4,1,1,4,379,361,6,23,92.649536,(
4,9,4,1,2,0,109,388,401,23,-1,
5,9,4,1,2,1,109,395,53,10,92.931320,name
5,9,4,1,2,2,176,388,152,23,92.563324,VARCHAR(30)
5,9,4,1,2,3,347,390,99,15,96.209320,PRIMARY
5,9,4,1,2,4,461,390,49,18,96.280396,KEY,
4,9,4,1,3,0,109,416,179,19,-1,
5,9,4,1,3,1,109,418,52,17,91.070557,temp
5,9,4,1,3,2,180,416,108,19,90.873856,cooktemp
4,9,4,1,4,0,106,442,462,20,-1,
5,9,4,1,4,1,106,451,29,1,88.820412,—
5,9,4,1,4,2,152,442,36,15,91.802437,and
5,9,4,1,4,3,210,442,118,20,96.795113,obviously
5,9,4,1,4,4,351,442,63,15,96.609009,other
5,9,4,1,4,5,437,442,131,15,96.016655,attributes
2,9,5,0,0,0,83,467,18,23,-1,
3,9,5,1,0,0,83,467,18,23,-1,
4,9,5,1,1,0,83,467,18,23,-1,
5,9,5,1,1,1,83,467,18,23,29.858208,);
2,9,6,0,0,0,81,519,655,49,-1,
3,9,6,1,0,0,81,519,655,49,-1,
4,9,6,1,1,0,81,519,627,23,-1,
5,9,6,1,1,1,81,520,81,17,96.142853,INSERT
5,9,6,1,1,2,179,520,54,17,95.444481,INTO
5,9,6,1,1,3,254,521,88,19,96.511414,receipe
5,9,6,1,1,4,361,520,84,17,94.844833,VALUES
5,9,6,1,1,5,464,519,64,23,59.120705,(‘Jam
5,9,6,1,1,6,548,521,76,15,74.214180,Tarts’
5,9,6,1,1,7,637,519,71,23,82.223068,,180);
4,9,6,1,2,0,81,545,655,23,-1,
5,9,6,1,2,1,81,546,81,17,95.958427,INSERT
5,9,6,1,2,2,179,546,54,17,95.852921,INTO
5,9,6,1,2,3,254,547,88,19,96.403076,receipe
5,9,6,1,2,4,361,546,84,17,93.296860,VALUES
5,9,6,1,2,5,464,545,92,23,85.417992,('Mince
5,9,6,1,2,6,578,547,60,15,75.318283,Pies’
5,9,6,1,2,7,651,545,85,23,75.318283,,1800);
1,10,0,0,0,0,0,0,1008,756,-1,
2,10,1,0,0,0,892,0,116,110,-1,
3,10,1,1,0,0,892,0,116,110,-1,
4,10,1,1,1,0,892,0,116,110,-1,
5,10,1,1,1,1,892,0,116,110,95.000000, 
2,10,2,0,0,0,111,235,210,21,-1,
3,10,2,1,0,0,111,235,210,21,-1,
4,10,2,1,1,0,111,235,210,21,-1,
5,10,2,1,1,1,111,243,13,13,61.788536,e@
5,10,2,1,1,2,142,235,179,21,95.616798,“enumeration”
2,10,3,0,0,0,79,304,389,48,-1,
3,10,3,1,0,0,79,304,389,48,-1,
4,10,3,1,1,0,79,304,292,16,-1,
5,10,3,1,1,1,79,304,84,16,96.329018,CREATE
5,10,3,1,1,2,177,305,71,15,96.390732,TABLE
5,10,3,1,1,3,266,305,105,15,96.509521,students
4,10,3,1,2,0,112,329,356,23,-1,
5,10,3,1,2,1,112,331,18,15,92.571808,id
5,10,3,1,2,2,148,329,137,23,92.464417,VARCHAR(9)
5,10,3,1,2,3,305,331,99,15,96.685875,PRIMARY
5,10,3,1,2,4,418,331,50,18,96.495361,KEY,
2,10,4,0,0,0,109,356,318,43,-1,
3,10,4,1,0,0,109,356,318,43,-1,
4,10,4,1,1,0,109,356,233,23,-1,
5,10,4,1,1,1,109,363,53,10,93.194191,name
5,10,4,1,1,2,176,356,152,23,88.503387,VARCHAR(30)
5,10,4,1,1,3,340,371,2,5,88.503387,,
4,10,4,1,2,0,296,384,131,15,-1,
5,10,4,1,2,1,296,384,131,15,96.583443,attributes
2,10,5,0,0,0,83,384,641,74,-1,
3,10,5,1,0,0,83,384,641,74,-1,
4,10,5,1,1,0,106,384,167,15,-1,
5,10,5,1,1,1,106,393,29,1,91.776581,—
5,10,5,1,1,2,152,384,36,15,94.613869,and
5,10,5,1,1,3,210,384,63,15,96.516777,other
4,10,5,1,2,0,112,408,612,23,-1,
5,10,5,1,2,1,112,410,60,15,91.529373,level
5,10,5,1,2,2,190,408,138,23,91.529373,VARCHAR(3)
5,10,5,1,2,3,347,409,70,16,96.626015,CHECK
5,10,5,1,2,4,434,410,23,15,92.635246,IN
5,10,5,1,2,5,478,408,246,23,41.799889,('UG’,'PGT’,'PGR')
4,10,5,1,3,0,83,435,18,23,-1,
5,10,5,1,3,1,83,435,18,23,29.858208,);
2,10,6,0,0,0,111,509,394,67,-1,
3,10,6,1,0,0,111,509,394,67,-1,
4,10,6,1,1,0,111,509,394,27,-1,
5,10,6,1,1,1,111,517,13,13,65.552277,@
5,10,6,1,1,2,142,509,17,21,94.342934,Is
5,10,6,1,1,3,170,509,39,21,96.757042,the
5,10,6,1,1,4,222,509,34,21,96.976334,list
5,10,6,1,1,5,267,509,56,21,96.515289,fixed
5,10,6,1,1,6,338,509,167,27,96.690712,permanently?
4,10,6,1,2,0,111,555,337,21,-1,
5,10,6,1,2,1,111,563,13,13,83.353111,e@
5,10,6,1,2,2,140,555,78,21,96.644592,Would
5,10,6,1,2,3,232,562,27,14,93.168167,an
5,10,6,1,2,4,274,555,34,21,93.183525,FK
5,10,6,1,2,5,322,555,27,21,96.632278,be
5,10,6,1,2,6,362,555,86,21,96.364845,better?
2,10,7,0,0,0,942,735,47,11,-1,
3,10,7,1,0,0,942,735,47,11,-1,
4,10,7,1,1,0,942,735,47,11,-1,
5,10,7,1,1,1,942,735,47,11,89.231308,11/24
1,11,0,0,0,0,0,0,1008,756,-1,
2,11,1,0,0,0,892,0,116,110,-1,
3,11,1,1,0,0,892,0,116,110,-1,
4,11,1,1,1,0,892,0,116,110,-1,
5,11,1,1,1,1,892,0,116,110,95.000000, 
2,11,2,0,0,0,69,295,298,35,-1,
3,11,2,1,0,0,69,295,298,35,-1,
4,11,2,1,1,0,69,295,298,35,-1,
5,11,2,1,1,1,69,295,34,35,92.110458,@
5,11,2,1,1,2,118,300,94,22,96.832764,Domain
5,11,2,1,1,3,226,299,141,23,96.684998,Constraints
2,11,3,0,0,0,69,424,297,70,-1,
3,11,3,1,0,0,69,424,297,70,-1,
4,11,3,1,1,0,69,424,297,35,-1,
5,11,3,1,1,1,69,424,34,35,85.933548,@
5,11,3,1,1,2,118,428,131,23,91.201126,Referential
5,11,3,1,1,3,263,429,103,28,96.848412,Integrity
4,11,3,1,2,0,119,466,192,28,-1,
5,11,3,1,2,1,119,473,14,14,78.541656,e
5,11,3,1,2,2,147,466,83,28,96.502945,Simple
5,11,3,1,2,3,242,466,69,23,96.636917,Cases
2,11,4,0,0,0,941,734,49,16,-1,
3,11,4,1,0,0,941,734,49,16,-1,
4,11,4,1,1,0,941,734,49,16,-1,
5,11,4,1,1,1,941,734,49,16,91.167976,12/24
1,12,0,0,0,0,0,0,1008,756,-1,
2,12,1,0,0,0,892,0,116,110,-1,
3,12,1,1,0,0,892,0,116,110,-1,
4,12,1,1,1,0,892,0,116,110,-1,
5,12,1,1,1,1,892,0,116,110,95.000000, 
2,12,2,0,0,0,69,295,298,35,-1,
3,12,2,1,0,0,69,295,298,35,-1,
4,12,2,1,1,0,69,295,298,35,-1,
5,12,2,1,1,1,69,295,34,35,92.110458,@
5,12,2,1,1,2,118,300,94,22,96.832764,Domain
5,12,2,1,1,3,226,299,141,23,96.684998,Constraints
2,12,3,0,0,0,69,424,297,70,-1,
3,12,3,1,0,0,69,424,297,70,-1,
4,12,3,1,1,0,69,424,297,35,-1,
5,12,3,1,1,1,69,424,34,35,85.933548,@
5,12,3,1,1,2,118,428,131,23,91.201126,Referential
5,12,3,1,1,3,263,429,103,28,96.848412,Integrity
4,12,3,1,2,0,119,466,192,28,-1,
5,12,3,1,2,1,119,473,14,14,85.707611,e
5,12,3,1,2,2,147,466,83,28,96.586426,Simple
5,12,3,1,2,3,242,466,69,23,96.814117,Cases
2,12,4,0,0,0,941,734,49,16,-1,
3,12,4,1,0,0,941,734,49,16,-1,
4,12,4,1,1,0,941,734,49,16,-1,
5,12,4,1,1,1,941,734,49,16,62.171715,13/24
1,13,0,0,0,0,0,0,1008,756,-1,
2,13,1,0,0,0,892,0,116,110,-1,
3,13,1,1,0,0,892,0,116,110,-1,
4,13,1,1,1,0,892,0,116,110,-1,
5,13,1,1,1,1,892,0,116,110,95.000000, 
2,13,2,0,0,0,89,260,239,2,-1,
3,13,2,1,0,0,89,260,239,2,-1,
4,13,2,1,1,0,89,260,239,2,-1,
5,13,2,1,1,1,89,260,239,2,95.000000, 
2,13,3,0,0,0,675,260,238,2,-1,
3,13,3,1,0,0,675,260,238,2,-1,
4,13,3,1,1,0,675,260,238,2,-1,
5,13,3,1,1,1,675,260,238,2,95.000000, 
2,13,4,0,0,0,326,289,329,3,-1,
3,13,4,1,0,0,326,289,329,3,-1,
4,13,4,1,1,0,326,289,329,3,-1,
5,13,4,1,1,1,326,289,329,3,95.000000, 
2,13,5,0,0,0,162,276,716,35,-1,
3,13,5,1,0,0,162,276,716,35,-1,
4,13,5,1,1,0,162,276,716,35,-1,
5,13,5,1,1,1,162,276,104,35,96.257233,Module
5,13,5,1,1,2,346,282,8,3,70.546761,=
5,13,5,1,1,3,476,286,47,14,96.416595,runs
5,13,5,1,1,4,656,281,2,2,88.677620,—
5,13,5,1,1,5,711,280,167,27,94.184319,Department
2,13,6,0,0,0,89,260,2,60,-1,
3,13,6,1,0,0,89,260,2,60,-1,
4,13,6,1,1,0,89,260,2,60,-1,
5,13,6,1,1,1,89,260,2,60,95.000000, 
2,13,7,0,0,0,326,260,2,60,-1,
3,13,7,1,0,0,326,260,2,60,-1,
4,13,7,1,1,0,326,260,2,60,-1,
5,13,7,1,1,1,326,260,2,60,95.000000, 
2,13,8,0,0,0,675,260,2,60,-1,
3,13,8,1,0,0,675,260,2,60,-1,
4,13,8,1,1,0,675,260,2,60,-1,
5,13,8,1,1,1,675,260,2,60,95.000000, 
2,13,9,0,0,0,911,260,2,60,-1,
3,13,9,1,0,0,911,260,2,60,-1,
4,13,9,1,1,0,911,260,2,60,-1,
5,13,9,1,1,1,911,260,2,60,95.000000, 
2,13,10,0,0,0,89,318,239,2,-1,
3,13,10,1,0,0,89,318,239,2,-1,
4,13,10,1,1,0,89,318,239,2,-1,
5,13,10,1,1,1,89,318,239,2,95.000000, 
2,13,11,0,0,0,675,318,238,2,-1,
3,13,11,1,0,0,675,318,238,2,-1,
4,13,11,1,1,0,675,318,238,2,-1,
5,13,11,1,1,1,675,318,238,2,95.000000, 
2,13,12,0,0,0,90,429,827,104,-1,
3,13,12,1,0,0,90,429,827,104,-1,
4,13,12,1,1,0,90,429,827,27,-1,
5,13,12,1,1,1,90,429,114,27,96.239235,Integrity
5,13,12,1,1,2,218,429,78,21,90.116226,Rules:
5,13,12,1,1,3,328,429,18,21,90.116226,A
5,13,12,1,1,4,359,429,89,21,96.410553,module
5,13,12,1,1,5,462,433,58,17,96.834511,must
5,13,12,1,1,6,534,429,27,21,96.364838,be
5,13,12,1,1,7,574,436,37,14,95.092087,run
5,13,12,1,1,8,626,429,25,27,96.848618,by
5,13,12,1,1,9,664,436,11,14,95.939720,a
5,13,12,1,1,10,688,429,69,27,96.448486,single
5,13,12,1,1,11,769,429,148,27,96.341309,department;
4,13,12,1,2,0,126,465,755,31,-1,
5,13,12,1,2,1,126,467,105,25,96.862091,however,
5,13,12,1,2,2,245,474,11,14,96.994431,a
5,13,12,1,2,3,269,467,142,27,96.069534,department
5,13,12,1,2,4,423,474,41,14,96.069534,can
5,13,12,1,2,5,478,467,55,21,96.678398,have
5,13,12,1,2,6,545,474,50,14,96.696991,zero
5,13,12,1,2,7,606,471,25,17,96.890335,to
5,13,12,1,2,8,645,474,65,20,96.858368,many
5,13,12,1,2,9,723,467,101,21,89.722649,modules
5,13,12,1,2,10,837,465,44,31,77.844696,(i.e.
4,13,12,1,3,0,202,502,602,31,-1,
5,13,12,1,3,1,202,505,82,20,96.920937,service
5,13,12,1,3,2,296,504,153,27,96.656822,departments
5,13,12,1,3,3,461,511,30,14,96.878464,vs.
5,13,12,1,3,4,506,504,114,21,96.091049,academic
5,13,12,1,3,5,632,502,172,31,96.104225,departments).
2,13,13,0,0,0,80,556,846,27,-1,
3,13,13,1,0,0,80,556,846,27,-1,
4,13,13,1,1,0,80,556,846,27,-1,
5,13,13,1,1,1,80,556,48,21,95.947159,The
5,13,13,1,1,2,141,556,91,27,95.947159,“many”
5,13,13,1,1,3,246,556,41,21,96.794312,end
5,13,13,1,1,4,301,557,102,20,96.054626,contains
5,13,13,1,1,5,415,563,11,14,95.555672,a
5,13,13,1,1,6,439,556,82,27,96.522102,foreign
5,13,13,1,1,7,536,556,38,27,96.284073,key
5,13,13,1,1,8,587,556,110,21,96.356499,reference
5,13,13,1,1,9,708,560,25,17,96.576805,to
5,13,13,1,1,10,744,556,38,21,96.520287,the
5,13,13,1,1,11,796,556,67,21,96.167206,“one”
5,13,13,1,1,12,877,556,49,21,96.902397,end.
2,13,14,0,0,0,942,735,47,11,-1,
3,13,14,1,0,0,942,735,47,11,-1,
4,13,14,1,1,0,942,735,47,11,-1,
5,13,14,1,1,1,942,735,47,11,42.009247,14/24
1,14,0,0,0,0,0,0,1008,756,-1,
2,14,1,0,0,0,892,0,116,110,-1,
3,14,1,1,0,0,892,0,116,110,-1,
4,14,1,1,1,0,892,0,116,110,-1,
5,14,1,1,1,1,892,0,116,110,95.000000, 
2,14,2,0,0,0,79,203,474,50,-1,
3,14,2,1,0,0,79,203,474,50,-1,
4,14,2,1,1,0,79,203,334,23,-1,
5,14,2,1,1,1,79,204,84,16,96.691422,CREATE
5,14,2,1,1,2,177,205,71,15,96.116905,TABLE
5,14,2,1,1,3,266,203,147,23,20.677292,Department
5,14,2,1,1,4,403,199,14,31,20.677292,(
4,14,2,1,2,0,197,230,356,23,-1,
5,14,2,1,2,1,197,232,18,15,92.811012,id
5,14,2,1,2,2,233,230,137,23,92.508232,VARCHAR(5)
5,14,2,1,2,3,390,232,98,15,96.429161,PRIMARY
5,14,2,1,2,4,503,232,50,18,96.152924,KEY,
2,14,3,0,0,0,193,256,247,49,-1,
3,14,3,1,0,0,193,256,247,49,-1,
4,14,3,1,1,0,194,256,233,23,-1,
5,14,3,1,1,1,194,263,53,10,92.870071,name
5,14,3,1,1,2,261,256,152,23,68.834663,VARCHAR(50)
5,14,3,1,1,3,425,271,2,5,68.834663,,
4,14,3,1,2,0,193,282,247,23,-1,
5,14,3,1,2,1,193,282,134,23,47.336128,UNIQUE(id
5,14,3,1,2,2,325,272,10,38,47.336128,,
5,14,3,1,2,3,349,282,91,23,89.155235,name));
2,14,4,0,0,0,79,361,474,49,-1,
3,14,4,1,0,0,79,361,474,49,-1,
4,14,4,1,1,0,79,361,278,23,-1,
5,14,4,1,1,1,79,362,84,16,96.568558,CREATE
5,14,4,1,1,2,177,363,71,15,91.788139,TABLE
5,14,4,1,1,3,266,361,91,23,91.412636,Module(
4,14,4,1,2,0,197,387,356,23,-1,
5,14,4,1,2,1,197,389,18,15,92.624947,id
5,14,4,1,2,2,233,387,137,23,91.608582,VARCHAR(7)
5,14,4,1,2,3,390,389,98,15,96.521530,PRIMARY
5,14,4,1,2,4,503,389,50,18,96.362396,KEY,
2,14,5,0,0,0,195,414,472,49,-1,
3,14,5,1,0,0,195,414,472,49,-1,
4,14,5,1,1,0,195,414,363,23,-1,
5,14,5,1,1,1,195,416,77,19,32.559090,deptlID
5,14,5,1,1,2,289,414,138,23,92.398804,VARCHAR(5)
5,14,5,1,1,3,445,415,44,17,95.729179,NOT
5,14,5,1,1,4,503,416,55,16,95.729179,NULL
4,14,5,1,2,0,306,440,361,23,-1,
5,14,5,1,2,1,306,441,139,17,93.159653,REFERENCES
5,14,5,1,2,2,464,440,203,23,87.342644,Department(id),
2,14,6,0,0,0,193,466,374,49,-1,
3,14,6,1,0,0,193,466,374,49,-1,
4,14,6,1,1,0,197,466,244,23,-1,
5,14,6,1,1,1,197,468,59,15,92.874756,title
5,14,6,1,1,2,275,466,166,23,86.460548,VARCHAR(50)
5,14,6,1,1,3,433,456,11,38,86.460548,,
4,14,6,1,2,0,193,492,374,23,-1,
5,14,6,1,2,1,193,492,134,23,73.392128,UNIQUE(id,
5,14,6,1,2,2,350,494,90,19,89.987305,deptID,
5,14,6,1,2,3,465,492,102,23,92.104324,title));
2,14,7,0,0,0,658,606,269,31,-1,
3,14,7,1,0,0,658,606,269,31,-1,
4,14,7,1,1,0,658,606,269,31,-1,
5,14,7,1,1,1,658,606,269,31,56.171951,(70_DeptModule.sq!)
2,14,8,0,0,0,942,735,47,11,-1,
3,14,8,1,0,0,942,735,47,11,-1,
4,14,8,1,1,0,942,735,47,11,-1,
5,14,8,1,1,1,942,735,15,11,82.357956,15
5,14,8,1,1,2,963,727,8,28,43.166241,/
5,14,8,1,1,3,974,735,15,11,43.166241,24
1,15,0,0,0,0,0,0,1008,756,-1,
2,15,1,0,0,0,89,206,239,4,-1,
3,15,1,1,0,0,89,206,239,4,-1,
4,15,1,1,1,0,89,206,239,4,-1,
5,15,1,1,1,1,89,206,239,4,95.000000, 
2,15,2,0,0,0,89,207,2,61,-1,
3,15,2,1,0,0,89,207,2,61,-1,
4,15,2,1,1,0,89,207,2,61,-1,
5,15,2,1,1,1,89,207,2,61,95.000000, 
2,15,3,0,0,0,162,227,104,22,-1,
3,15,3,1,0,0,162,227,104,22,-1,
4,15,3,1,1,0,162,227,104,22,-1,
5,15,3,1,1,1,162,227,104,22,96.500465,Module
2,15,4,0,0,0,675,205,238,6,-1,
3,15,4,1,0,0,675,205,238,6,-1,
4,15,4,1,1,0,675,205,238,6,-1,
5,15,4,1,1,1,675,205,238,6,95.000000, 
2,15,5,0,0,0,326,234,351,8,-1,
3,15,5,1,0,0,326,234,351,8,-1,
4,15,5,1,1,0,326,234,351,8,-1,
5,15,5,1,1,1,326,234,351,8,95.000000, 
2,15,6,0,0,0,326,207,2,61,-1,
3,15,6,1,0,0,326,207,2,61,-1,
4,15,6,1,1,0,326,207,2,61,-1,
5,15,6,1,1,1,326,207,2,61,95.000000, 
2,15,7,0,0,0,89,265,239,4,-1,
3,15,7,1,0,0,89,265,239,4,-1,
4,15,7,1,1,0,89,265,239,4,-1,
5,15,7,1,1,1,89,265,239,4,95.000000, 
2,15,8,0,0,0,80,355,356,27,-1,
3,15,8,1,0,0,80,355,356,27,-1,
4,15,8,1,1,0,80,355,356,27,-1,
5,15,8,1,1,1,80,355,133,27,92.638756,Cardinality
5,15,8,1,1,2,226,355,210,27,96.308250,implementations:
2,15,9,0,0,0,96,419,15,23,-1,
3,15,9,1,0,0,96,419,15,23,-1,
4,15,9,1,1,0,96,419,15,23,-1,
5,15,9,1,1,1,96,419,15,23,93.628723,0
2,15,10,0,0,0,476,234,47,14,-1,
3,15,10,1,0,0,476,234,47,14,-1,
4,15,10,1,1,0,476,234,47,14,-1,
5,15,10,1,1,1,476,234,47,14,93.383827,runs
2,15,11,0,0,0,675,207,2,61,-1,
3,15,11,1,0,0,675,207,2,61,-1,
4,15,11,1,1,0,675,207,2,61,-1,
5,15,11,1,1,1,675,207,2,61,95.000000, 
2,15,12,0,0,0,711,227,167,27,-1,
3,15,12,1,0,0,711,227,167,27,-1,
4,15,12,1,1,0,711,227,167,27,-1,
5,15,12,1,1,1,711,227,167,27,96.457687,Department
2,15,13,0,0,0,911,207,2,61,-1,
3,15,13,1,0,0,911,207,2,61,-1,
4,15,13,1,1,0,911,207,2,61,-1,
5,15,13,1,1,1,911,207,2,61,95.000000, 
2,15,14,0,0,0,675,264,238,6,-1,
3,15,14,1,0,0,675,264,238,6,-1,
4,15,14,1,1,0,675,264,238,6,-1,
5,15,14,1,1,1,675,264,238,6,95.000000, 
2,15,15,0,0,0,147,420,720,27,-1,
3,15,15,1,0,0,147,420,720,27,-1,
4,15,15,1,1,0,147,420,720,27,-1,
5,15,15,1,1,1,147,420,72,21,96.172684,There
5,15,15,1,1,2,231,420,54,21,96.659508,need
5,15,15,1,1,3,299,420,27,21,96.957230,be
5,15,15,1,1,4,338,427,28,14,96.917778,no
5,15,15,1,1,5,378,420,89,21,96.767273,module
5,15,15,1,1,6,479,420,73,21,95.918045,record
5,15,15,1,1,7,565,420,51,21,96.769409,with
5,15,15,1,1,8,629,427,11,14,96.946213,a
5,15,15,1,1,9,654,420,115,27,92.834641,particular
5,15,15,1,1,10,780,420,87,27,92.036385,depart-
2,15,16,0,0,0,149,458,213,27,-1,
3,15,16,1,0,0,149,458,213,27,-1,
4,15,16,1,1,0,149,458,213,27,-1,
5,15,16,1,1,1,149,462,60,17,96.358757,ment
5,15,16,1,1,2,223,458,36,21,96.384926,PK
5,15,16,1,1,3,273,458,89,27,96.619637,planted
2,15,17,0,0,0,79,484,807,13,-1,
3,15,17,1,0,0,79,484,807,13,-1,
4,15,17,1,1,0,79,484,807,13,-1,
5,15,17,1,1,1,79,484,807,13,95.000000, 
2,15,18,0,0,0,97,494,13,14,-1,
3,15,18,1,0,0,97,494,13,14,-1,
4,15,18,1,1,0,97,494,13,14,-1,
5,15,18,1,1,1,97,494,13,14,90.726685,*
2,15,19,0,0,0,147,496,720,27,-1,
3,15,19,1,0,0,147,496,720,27,-1,
4,15,19,1,1,0,147,496,720,27,-1,
5,15,19,1,1,1,147,496,72,21,96.852509,There
5,15,19,1,1,2,232,503,40,14,96.734116,can
5,15,19,1,1,3,288,496,27,21,96.687569,be
5,15,19,1,1,4,329,503,65,20,96.633614,many
5,15,19,1,1,5,408,496,89,21,96.443405,module
5,15,19,1,1,6,511,496,86,21,96.381859,records
5,15,19,1,1,7,610,496,51,21,96.795868,with
5,15,19,1,1,8,676,503,11,14,94.911156,a
5,15,19,1,1,9,703,496,115,27,93.288933,particular
5,15,19,1,1,10,831,496,36,21,92.848839,de-
2,15,20,0,0,0,149,534,263,27,-1,
3,15,20,1,0,0,149,534,263,27,-1,
4,15,20,1,1,0,149,534,263,27,-1,
5,15,20,1,1,1,149,538,111,23,96.836594,partment
5,15,20,1,1,2,274,534,36,21,96.865356,PK
5,15,20,1,1,3,324,534,88,27,96.759811,planted
2,15,21,0,0,0,79,561,807,13,-1,
3,15,21,1,0,0,79,561,807,13,-1,
4,15,21,1,1,0,79,561,807,13,-1,
5,15,21,1,1,1,79,561,807,13,95.000000, 
2,15,22,0,0,0,149,573,369,21,-1,
3,15,22,1,0,0,149,573,369,21,-1,
4,15,22,1,1,0,149,573,369,21,-1,
5,15,22,1,1,1,149,573,26,21,96.623802,ID
5,15,22,1,1,2,189,574,16,20,96.093491,is
5,15,22,1,1,3,217,580,11,14,96.093491,a
5,15,22,1,1,4,243,573,36,21,93.039551,PK
5,15,22,1,1,5,291,586,8,2,89.622597,-
5,15,22,1,1,6,313,574,15,20,96.744095,it
5,15,22,1,1,7,340,577,84,17,96.249161,cannot
5,15,22,1,1,8,437,573,27,21,96.778152,be
5,15,22,1,1,9,477,573,41,21,96.571159,null
2,15,23,0,0,0,79,599,807,14,-1,
3,15,23,1,0,0,79,599,807,14,-1,
4,15,23,1,1,0,79,599,807,14,-1,
5,15,23,1,1,1,79,599,807,14,95.000000, 
2,15,24,0,0,0,127,415,5,229,-1,
3,15,24,1,0,0,127,415,5,229,-1,
4,15,24,1,1,0,127,415,5,229,-1,
5,15,24,1,1,1,127,415,5,229,95.000000, 
2,15,25,0,0,0,149,611,453,27,-1,
3,15,25,1,0,0,149,611,453,27,-1,
4,15,25,1,1,0,149,611,453,27,-1,
5,15,25,1,1,1,149,611,26,21,96.768341,ID
5,15,25,1,1,2,189,612,16,20,95.736740,is
5,15,25,1,1,3,217,618,11,14,95.736740,a
5,15,25,1,1,4,243,611,36,21,93.243134,PK
5,15,25,1,1,5,291,624,8,2,89.174187,-
5,15,25,1,1,6,313,612,15,20,96.905724,it
5,15,25,1,1,7,340,615,84,17,96.587639,cannot
5,15,25,1,1,8,437,611,27,21,95.912849,be
5,15,25,1,1,9,476,611,126,27,95.912849,duplicated
2,15,26,0,0,0,892,0,116,110,-1,
3,15,26,1,0,0,892,0,116,110,-1,
4,15,26,1,1,0,892,0,116,110,-1,
5,15,26,1,1,1,892,0,116,110,95.000000, 
2,15,27,0,0,0,942,735,47,11,-1,
3,15,27,1,0,0,942,735,47,11,-1,
4,15,27,1,1,0,942,735,47,11,-1,
5,15,27,1,1,1,942,735,15,11,88.069038,16
5,15,27,1,1,2,963,727,8,28,88.069038,/
5,15,27,1,1,3,974,735,15,11,96.150009,24
1,16,0,0,0,0,0,0,1008,756,-1,
2,16,1,0,0,0,89,206,239,4,-1,
3,16,1,1,0,0,89,206,239,4,-1,
4,16,1,1,1,0,89,206,239,4,-1,
5,16,1,1,1,1,89,206,239,4,95.000000, 
2,16,2,0,0,0,89,207,2,61,-1,
3,16,2,1,0,0,89,207,2,61,-1,
4,16,2,1,1,0,89,207,2,61,-1,
5,16,2,1,1,1,89,207,2,61,95.000000, 
2,16,3,0,0,0,675,205,238,6,-1,
3,16,3,1,0,0,675,205,238,6,-1,
4,16,3,1,1,0,675,205,238,6,-1,
5,16,3,1,1,1,675,205,238,6,95.000000, 
2,16,4,0,0,0,326,235,351,6,-1,
3,16,4,1,0,0,326,235,351,6,-1,
4,16,4,1,1,0,326,235,351,6,-1,
5,16,4,1,1,1,326,235,351,6,95.000000, 
2,16,5,0,0,0,162,217,716,41,-1,
3,16,5,1,0,0,162,217,716,41,-1,
4,16,5,1,1,0,162,217,716,41,-1,
5,16,5,1,1,1,162,223,104,35,96.356575,Module
5,16,5,1,1,2,334,217,28,15,52.363670,=
5,16,5,1,1,3,476,234,47,14,95.887833,runs
5,16,5,1,1,4,711,227,167,27,96.457687,Department
2,16,6,0,0,0,326,207,2,61,-1,
3,16,6,1,0,0,326,207,2,61,-1,
4,16,6,1,1,0,326,207,2,61,-1,
5,16,6,1,1,1,326,207,2,61,95.000000, 
2,16,7,0,0,0,675,207,2,61,-1,
3,16,7,1,0,0,675,207,2,61,-1,
4,16,7,1,1,0,675,207,2,61,-1,
5,16,7,1,1,1,675,207,2,61,95.000000, 
2,16,8,0,0,0,89,265,239,4,-1,
3,16,8,1,0,0,89,265,239,4,-1,
4,16,8,1,1,0,89,265,239,4,-1,
5,16,8,1,1,1,89,265,239,4,95.000000, 
2,16,9,0,0,0,911,207,2,61,-1,
3,16,9,1,0,0,911,207,2,61,-1,
4,16,9,1,1,0,911,207,2,61,-1,
5,16,9,1,1,1,911,207,2,61,95.000000, 
2,16,10,0,0,0,675,264,238,6,-1,
3,16,10,1,0,0,675,264,238,6,-1,
4,16,10,1,1,0,675,264,238,6,-1,
5,16,10,1,1,1,675,264,238,6,95.000000, 
2,16,11,0,0,0,80,355,356,27,-1,
3,16,11,1,0,0,80,355,356,27,-1,
4,16,11,1,1,0,80,355,356,27,-1,
5,16,11,1,1,1,80,355,133,27,92.638756,Cardinality
5,16,11,1,1,2,226,355,210,27,96.308250,implementations:
2,16,12,0,0,0,79,485,807,11,-1,
3,16,12,1,0,0,79,485,807,11,-1,
4,16,12,1,1,0,79,485,807,11,-1,
5,16,12,1,1,1,79,485,807,11,95.000000, 
2,16,13,0,0,0,79,562,807,11,-1,
3,16,13,1,0,0,79,562,807,11,-1,
4,16,13,1,1,0,79,562,807,11,-1,
5,16,13,1,1,1,79,562,807,11,95.000000, 
2,16,14,0,0,0,79,600,807,12,-1,
3,16,14,1,0,0,79,600,807,12,-1,
4,16,14,1,1,0,79,600,807,12,-1,
5,16,14,1,1,1,79,600,807,12,95.000000, 
2,16,15,0,0,0,96,419,771,219,-1,
3,16,15,1,0,0,96,419,771,66,-1,
4,16,15,1,1,0,96,419,771,28,-1,
5,16,15,1,1,1,96,419,15,23,77.703995,0
5,16,15,1,1,2,122,415,14,37,77.703995,|
5,16,15,1,1,3,147,420,72,21,96.151199,There
5,16,15,1,1,4,231,420,54,21,96.451439,need
5,16,15,1,1,5,299,420,27,21,96.931122,be
5,16,15,1,1,6,338,427,28,14,96.597908,no
5,16,15,1,1,7,378,420,89,21,96.528008,module
5,16,15,1,1,8,479,420,73,21,96.372375,record
5,16,15,1,1,9,565,420,51,21,95.863998,with
5,16,15,1,1,10,629,427,11,14,95.863998,a
5,16,15,1,1,11,654,420,115,27,93.288246,particular
5,16,15,1,1,12,780,420,87,27,92.777992,depart-
4,16,15,1,2,0,149,458,213,27,-1,
5,16,15,1,2,1,149,462,60,17,96.358757,ment
5,16,15,1,2,2,223,458,36,21,96.384926,PK
5,16,15,1,2,3,273,458,89,27,96.619637,planted
3,16,15,2,0,0,97,494,770,67,-1,
4,16,15,2,1,0,97,494,770,29,-1,
5,16,15,2,1,1,97,494,13,14,92.186928,*
5,16,15,2,1,2,123,490,17,37,94.948524,|
5,16,15,2,1,3,147,496,72,21,96.158768,There
5,16,15,2,1,4,232,503,40,14,96.865280,can
5,16,15,2,1,5,288,496,27,21,96.740601,be
5,16,15,2,1,6,329,503,65,20,96.433868,many
5,16,15,2,1,7,408,496,89,21,96.433868,module
5,16,15,2,1,8,511,496,86,21,96.696770,records
5,16,15,2,1,9,610,496,51,21,96.696770,with
5,16,15,2,1,10,676,503,11,14,96.016747,a
5,16,15,2,1,11,703,496,115,27,93.199051,particular
5,16,15,2,1,12,831,496,36,21,92.746330,de-
4,16,15,2,2,0,149,534,263,27,-1,
5,16,15,2,2,1,149,538,111,23,96.836594,partment
5,16,15,2,2,2,274,534,36,21,96.865356,PK
5,16,15,2,2,3,324,534,88,27,96.759811,planted
3,16,15,3,0,0,98,572,420,22,-1,
4,16,15,3,1,0,98,572,420,22,-1,
5,16,15,3,1,1,98,572,12,22,84.730431,1
5,16,15,3,1,2,121,568,10,37,84.730431,|
5,16,15,3,1,3,149,573,26,21,92.811668,ID
5,16,15,3,1,4,189,574,16,20,92.811668,is
5,16,15,3,1,5,217,580,11,14,94.830444,a
5,16,15,3,1,6,243,573,36,21,93.148376,PK
5,16,15,3,1,7,291,586,8,2,86.514412,-
5,16,15,3,1,8,313,574,15,20,96.108246,it
5,16,15,3,1,9,340,577,84,17,96.464905,cannot
5,16,15,3,1,10,437,573,27,21,96.924095,be
5,16,15,3,1,11,477,573,41,21,96.714661,null
3,16,15,4,0,0,98,610,504,28,-1,
4,16,15,4,1,0,98,610,504,28,-1,
5,16,15,4,1,1,98,610,12,22,88.190514,1
5,16,15,4,1,2,121,606,12,36,88.190514,|
5,16,15,4,1,3,149,611,26,21,95.969383,ID
5,16,15,4,1,4,189,612,16,20,95.559319,is
5,16,15,4,1,5,223,618,5,14,95.559319,a
5,16,15,4,1,6,243,611,36,21,92.901848,PK
5,16,15,4,1,7,291,624,8,2,91.925049,-
5,16,15,4,1,8,313,612,15,20,96.871048,it
5,16,15,4,1,9,340,615,84,17,96.744186,cannot
5,16,15,4,1,10,437,611,27,21,96.990822,be
5,16,15,4,1,11,476,611,126,27,96.614716,duplicated
2,16,16,0,0,0,128,415,3,229,-1,
3,16,16,1,0,0,128,415,3,229,-1,
4,16,16,1,1,0,128,415,3,229,-1,
5,16,16,1,1,1,128,415,3,229,95.000000, 
2,16,17,0,0,0,81,664,633,31,-1,
3,16,17,1,0,0,81,664,633,31,-1,
4,16,17,1,1,0,81,664,633,31,-1,
5,16,17,1,1,1,81,664,31,31,96.221695,(In
5,16,17,1,1,2,126,666,25,21,96.461769,all
5,16,17,1,1,3,164,666,64,21,96.461769,these
5,16,17,1,1,4,240,666,112,27,96.742523,examples
5,16,17,1,1,5,364,666,33,21,95.506783,for
5,16,17,1,1,6,410,666,63,21,92.016113,“PK”
5,16,17,1,1,7,489,666,49,21,96.710770,read
5,16,17,1,1,8,553,666,50,21,93.804665,“PK
5,16,17,1,1,9,616,673,23,14,96.540222,or
5,16,17,1,1,10,652,664,62,31,93.915924,CK”)
2,16,18,0,0,0,892,0,116,110,-1,
3,16,18,1,0,0,892,0,116,110,-1,
4,16,18,1,1,0,892,0,116,110,-1,
5,16,18,1,1,1,892,0,116,110,95.000000, 
2,16,19,0,0,0,942,735,47,11,-1,
3,16,19,1,0,0,942,735,47,11,-1,
4,16,19,1,1,0,942,735,47,11,-1,
5,16,19,1,1,1,942,735,15,11,88.069038,16
5,16,19,1,1,2,963,727,8,28,88.069038,/
5,16,19,1,1,3,974,735,15,11,96.150009,24
1,17,0,0,0,0,0,0,1008,756,-1,
2,17,1,0,0,0,892,0,116,110,-1,
3,17,1,1,0,0,892,0,116,110,-1,
4,17,1,1,1,0,892,0,116,110,-1,
5,17,1,1,1,1,892,0,116,110,95.000000, 
2,17,2,0,0,0,92,227,238,2,-1,
3,17,2,1,0,0,92,227,238,2,-1,
4,17,2,1,1,0,92,227,238,2,-1,
5,17,2,1,1,1,92,227,238,2,95.000000, 
2,17,3,0,0,0,677,227,238,2,-1,
3,17,3,1,0,0,677,227,238,2,-1,
4,17,3,1,1,0,677,227,238,2,-1,
5,17,3,1,1,1,677,227,238,2,95.000000, 
2,17,4,0,0,0,161,247,110,22,-1,
3,17,4,1,0,0,161,247,110,22,-1,
4,17,4,1,1,0,161,247,110,22,-1,
5,17,4,1,1,1,161,247,110,22,96.366920,Student
2,17,5,0,0,0,328,257,351,2,-1,
3,17,5,1,0,0,328,257,351,2,-1,
4,17,5,1,1,0,328,257,351,2,-1,
5,17,5,1,1,1,328,257,351,2,95.000000, 
2,17,6,0,0,0,745,247,104,22,-1,
3,17,6,1,0,0,745,247,104,22,-1,
4,17,6,1,1,0,745,247,104,22,-1,
5,17,6,1,1,1,745,247,104,22,95.425926,Module
2,17,7,0,0,0,92,227,2,61,-1,
3,17,7,1,0,0,92,227,2,61,-1,
4,17,7,1,1,0,92,227,2,61,-1,
5,17,7,1,1,1,92,227,2,61,95.000000, 
2,17,8,0,0,0,328,227,2,61,-1,
3,17,8,1,0,0,328,227,2,61,-1,
4,17,8,1,1,0,328,227,2,61,-1,
5,17,8,1,1,1,328,227,2,61,95.000000, 
2,17,9,0,0,0,677,227,2,61,-1,
3,17,9,1,0,0,677,227,2,61,-1,
4,17,9,1,1,0,677,227,2,61,-1,
5,17,9,1,1,1,677,227,2,61,95.000000, 
2,17,10,0,0,0,913,227,2,61,-1,
3,17,10,1,0,0,913,227,2,61,-1,
4,17,10,1,1,0,913,227,2,61,-1,
5,17,10,1,1,1,913,227,2,61,95.000000, 
2,17,11,0,0,0,92,286,238,2,-1,
3,17,11,1,0,0,92,286,238,2,-1,
4,17,11,1,1,0,92,286,238,2,-1,
5,17,11,1,1,1,92,286,238,2,95.000000, 
2,17,12,0,0,0,677,286,238,2,-1,
3,17,12,1,0,0,677,286,238,2,-1,
4,17,12,1,1,0,677,286,238,2,-1,
5,17,12,1,1,1,677,286,238,2,95.000000, 
2,17,13,0,0,0,87,398,832,103,-1,
3,17,13,1,0,0,87,398,832,103,-1,
4,17,13,1,1,0,101,398,807,27,-1,
5,17,13,1,1,1,101,398,114,27,96.342026,Integrity
5,17,13,1,1,2,229,398,77,21,86.056534,Rules:
5,17,13,1,1,3,338,398,18,21,86.056534,A
5,17,13,1,1,4,368,398,92,21,93.634438,student
5,17,13,1,1,5,474,405,49,20,96.658585,may
5,17,13,1,1,6,534,398,52,21,96.485596,take
5,17,13,1,1,7,599,405,28,14,95.758469,no
5,17,13,1,1,8,640,398,107,25,95.758469,modules,
5,17,13,1,1,9,761,405,23,14,96.397675,or
5,17,13,1,1,10,797,405,48,20,96.324692,may
5,17,13,1,1,11,857,398,51,21,96.573761,take
4,17,13,1,2,0,87,436,832,27,-1,
5,17,13,1,2,1,87,443,42,14,96.682510,one
5,17,13,1,2,2,141,443,23,14,95.841690,or
5,17,13,1,2,3,177,443,59,14,95.841690,more
5,17,13,1,2,4,250,436,107,21,95.944397,modules.
5,17,13,1,2,5,374,436,18,21,96.678802,A
5,17,13,1,2,6,406,436,88,21,96.471756,module
5,17,13,1,2,7,508,443,48,20,96.471756,may
5,17,13,1,2,8,570,436,54,21,95.661720,have
5,17,13,1,2,9,637,443,28,14,95.661720,no
5,17,13,1,2,10,678,436,117,27,96.570946,registered
5,17,13,1,2,11,809,436,110,25,96.693939,students,
4,17,13,1,3,0,376,474,254,27,-1,
5,17,13,1,3,1,376,481,23,14,96.349312,or
5,17,13,1,3,2,412,481,49,20,96.751587,may
5,17,13,1,3,3,474,474,55,21,95.843842,have
5,17,13,1,3,4,540,474,90,21,96.166000,several.
2,17,14,0,0,0,82,525,842,67,-1,
3,17,14,1,0,0,82,525,842,67,-1,
4,17,14,1,1,0,108,525,791,27,-1,
5,17,14,1,1,1,108,525,48,21,95.893021,The
5,17,14,1,1,2,169,529,180,23,96.265686,many-to-many
5,17,14,1,1,3,362,525,141,27,96.091965,relationship
5,17,14,1,1,4,517,525,104,21,96.344185,becomes
5,17,14,1,1,5,634,532,11,14,96.878731,a
5,17,14,1,1,6,659,532,47,14,96.656609,new
5,17,14,1,1,7,719,525,90,21,96.547424,relation
5,17,14,1,1,8,822,525,52,21,96.235374,with
5,17,14,1,1,9,888,532,11,14,96.980957,a
4,17,14,1,2,0,82,561,842,31,-1,
5,17,14,1,2,1,82,564,126,26,96.665314,composite
5,17,14,1,2,2,221,563,38,27,96.964211,key
5,17,14,1,2,3,273,561,48,31,96.349998,(the
5,17,14,1,2,4,335,563,63,21,96.920349,takes
5,17,14,1,2,5,409,563,142,27,96.615829,relationship
5,17,14,1,2,6,564,563,105,21,96.502724,becomes
5,17,14,1,2,7,680,563,39,21,96.587654,the
5,17,14,1,2,8,731,563,70,21,96.587654,Takes
5,17,14,1,2,9,814,561,110,31,95.913773,relation).
2,17,15,0,0,0,671,632,256,31,-1,
3,17,15,1,0,0,671,632,256,31,-1,
4,17,15,1,1,0,671,632,256,31,-1,
5,17,15,1,1,1,671,632,256,31,0.000000,(StudentModule.sq|)
2,17,16,0,0,0,942,735,47,11,-1,
3,17,16,1,0,0,942,735,47,11,-1,
4,17,16,1,1,0,942,735,47,11,-1,
5,17,16,1,1,1,942,735,15,11,76.099747,17
5,17,16,1,1,2,974,735,15,11,70.934120,/24
1,18,0,0,0,0,0,0,1008,756,-1,
2,18,1,0,0,0,0,0,1008,154,-1,
3,18,1,1,0,0,0,0,1008,154,-1,
4,18,1,1,1,0,0,0,1008,154,-1,
5,18,1,1,1,1,0,0,1008,154,95.000000, 
2,18,2,0,0,0,79,198,572,102,-1,
3,18,2,1,0,0,79,198,572,102,-1,
4,18,2,1,1,0,79,198,292,23,-1,
5,18,2,1,1,1,79,199,84,16,95.474617,CREATE
5,18,2,1,1,2,177,200,71,15,95.474617,TABLE
5,18,2,1,1,3,266,198,105,23,2.090637,Student
5,18,2,1,1,4,360,188,13,38,2.090637,(
4,18,2,1,2,0,195,224,456,23,-1,
5,18,2,1,2,1,195,226,119,15,84.460732,studentID
5,18,2,1,2,2,332,224,137,23,87.400986,VARCHAR(5)
5,18,2,1,2,3,489,226,98,15,96.476189,PRIMARY
5,18,2,1,2,4,602,226,49,18,96.839645,KEY,
4,18,2,1,3,0,196,250,301,23,-1,
5,18,2,1,3,1,196,251,118,16,91.310997,firstname
5,18,2,1,3,2,332,250,165,23,73.145592,VARCHAR(50)
5,18,2,1,3,3,489,240,11,38,92.271706,,
4,18,2,1,4,0,194,277,288,23,-1,
5,18,2,1,4,1,194,284,94,10,92.620605,surname
5,18,2,1,4,2,303,277,179,23,75.533829,VARCHAR(50));
2,18,3,0,0,0,79,329,474,102,-1,
3,18,3,1,0,0,79,329,474,102,-1,
4,18,3,1,1,0,79,329,278,23,-1,
5,18,3,1,1,1,79,330,84,16,96.148392,CREATE
5,18,3,1,1,2,177,331,71,15,93.096909,TABLE
5,18,3,1,1,3,266,329,91,23,90.493927,Module(
4,18,3,1,2,0,197,356,356,23,-1,
5,18,3,1,2,1,197,358,18,15,89.283127,id
5,18,3,1,2,2,233,356,137,23,89.283127,VARCHAR(7)
5,18,3,1,2,3,390,358,98,15,96.643433,PRIMARY
5,18,3,1,2,4,503,358,50,18,96.506676,KEY,
4,18,3,1,3,0,197,382,244,23,-1,
5,18,3,1,3,1,197,384,59,15,92.938637,title
5,18,3,1,3,2,275,382,166,23,86.494461,VARCHAR(50)
5,18,3,1,3,3,433,372,11,38,86.494461,,
4,18,3,1,4,0,193,408,261,23,-1,
5,18,3,1,4,1,193,408,134,23,78.993347,UNIQUE(id,
5,18,3,1,4,2,352,408,102,23,92.427109,title));
2,18,4,0,0,0,79,462,588,153,-1,
3,18,4,1,0,0,79,462,588,153,-1,
4,18,4,1,1,0,79,462,251,16,-1,
5,18,4,1,1,1,79,462,84,16,96.583458,CREATE
5,18,4,1,1,2,177,463,71,15,96.849350,TABLE
5,18,4,1,1,3,265,463,65,15,96.622627,Takes
4,18,4,1,2,0,195,487,232,23,-1,
5,18,4,1,2,1,195,489,77,15,77.285812,studID
5,18,4,1,2,2,289,487,138,23,84.791878,VARCHAR(5)
4,18,4,1,3,0,250,513,417,23,-1,
5,18,4,1,3,1,250,514,138,17,93.085548,REFERENCES
5,18,4,1,3,2,407,513,260,23,86.893021,Student(studentID),
4,18,4,1,4,0,194,540,218,23,-1,
5,18,4,1,4,1,194,542,66,15,78.541626,modID
5,18,4,1,4,2,275,540,137,23,78.541626,VARCHAR(7)
4,18,4,1,5,0,250,566,304,23,-1,
5,18,4,1,5,1,250,567,138,17,93.193298,REFERENCES
5,18,4,1,5,2,407,566,147,23,84.889778,Module(id),
4,18,4,1,6,0,192,592,362,23,-1,
5,18,4,1,6,1,192,594,99,15,96.834793,PRIMARY
5,18,4,1,6,2,305,594,42,15,93.179672,KEY
5,18,4,1,6,3,365,592,88,23,86.276085,(studID
5,18,4,1,6,4,466,607,2,5,55.469872,,
5,18,4,1,6,5,476,592,78,23,55.469872,modID)
2,18,5,0,0,0,182,618,18,23,-1,
3,18,5,1,0,0,182,618,18,23,-1,
4,18,5,1,1,0,182,618,18,23,-1,
5,18,5,1,1,1,182,618,18,23,31.800125,Ne
2,18,6,0,0,0,621,681,306,31,-1,
3,18,6,1,0,0,621,681,306,31,-1,
4,18,6,1,1,0,621,681,306,31,-1,
5,18,6,1,1,1,621,681,306,31,13.339294,(80_StudentModule.sq!)
2,18,7,0,0,0,942,735,47,11,-1,
3,18,7,1,0,0,942,735,47,11,-1,
4,18,7,1,1,0,942,735,47,11,-1,
5,18,7,1,1,1,942,735,15,11,84.825218,18
5,18,7,1,1,2,963,727,8,28,51.170902,/
5,18,7,1,1,3,974,735,15,11,51.170902,24
1,19,0,0,0,0,0,0,1008,756,-1,
2,19,1,0,0,0,92,170,238,4,-1,
3,19,1,1,0,0,92,170,238,4,-1,
4,19,1,1,1,0,92,170,238,4,-1,
5,19,1,1,1,1,92,170,238,4,95.000000, 
2,19,2,0,0,0,92,171,2,61,-1,
3,19,2,1,0,0,92,171,2,61,-1,
4,19,2,1,1,0,92,171,2,61,-1,
5,19,2,1,1,1,92,171,2,61,95.000000, 
2,19,3,0,0,0,677,170,238,4,-1,
3,19,3,1,0,0,677,170,238,4,-1,
4,19,3,1,1,0,677,170,238,4,-1,
5,19,3,1,1,1,677,170,238,4,95.000000, 
2,19,4,0,0,0,328,200,351,4,-1,
3,19,4,1,0,0,328,200,351,4,-1,
4,19,4,1,1,0,328,200,351,4,-1,
5,19,4,1,1,1,328,200,351,4,95.000000, 
2,19,5,0,0,0,328,171,2,61,-1,
3,19,5,1,0,0,328,171,2,61,-1,
4,19,5,1,1,0,328,171,2,61,-1,
5,19,5,1,1,1,328,171,2,61,95.000000, 
2,19,6,0,0,0,677,171,2,61,-1,
3,19,6,1,0,0,677,171,2,61,-1,
4,19,6,1,1,0,677,171,2,61,-1,
5,19,6,1,1,1,677,171,2,61,95.000000, 
2,19,7,0,0,0,92,229,238,4,-1,
3,19,7,1,0,0,92,229,238,4,-1,
4,19,7,1,1,0,92,229,238,4,-1,
5,19,7,1,1,1,92,229,238,4,95.000000, 
2,19,8,0,0,0,161,148,688,107,-1,
3,19,8,1,0,0,161,148,688,107,-1,
4,19,8,1,1,0,161,148,688,107,-1,
5,19,8,1,1,1,161,191,110,22,96.366920,Student
5,19,8,1,1,2,337,182,28,14,45.842079,2."
5,19,8,1,1,3,449,148,103,107,39.952488,<>
5,19,8,1,1,4,642,180,28,15,74.964027,=
5,19,8,1,1,5,745,191,104,22,95.425926,Module
2,19,9,0,0,0,913,171,2,61,-1,
3,19,9,1,0,0,913,171,2,61,-1,
4,19,9,1,1,0,913,171,2,61,-1,
5,19,9,1,1,1,913,171,2,61,95.000000, 
2,19,10,0,0,0,677,229,238,4,-1,
3,19,10,1,0,0,677,229,238,4,-1,
4,19,10,1,1,0,677,229,238,4,-1,
5,19,10,1,1,1,677,229,238,4,95.000000, 
2,19,11,0,0,0,80,304,356,27,-1,
3,19,11,1,0,0,80,304,356,27,-1,
4,19,11,1,1,0,80,304,356,27,-1,
5,19,11,1,1,1,80,304,133,27,92.638756,Cardinality
5,19,11,1,1,2,226,304,210,27,96.308250,implementations:
2,19,12,0,0,0,79,436,807,8,-1,
3,19,12,1,0,0,79,436,807,8,-1,
4,19,12,1,1,0,79,436,807,8,-1,
5,19,12,1,1,1,79,436,807,8,95.000000, 
2,19,13,0,0,0,79,513,807,7,-1,
3,19,13,1,0,0,79,513,807,7,-1,
4,19,13,1,1,0,79,513,807,7,-1,
5,19,13,1,1,1,79,513,807,7,95.000000, 
2,19,14,0,0,0,78,589,808,7,-1,
3,19,14,1,0,0,78,589,808,7,-1,
4,19,14,1,1,0,78,589,808,7,-1,
5,19,14,1,1,1,78,589,808,7,95.000000, 
2,19,15,0,0,0,96,368,772,242,-1,
3,19,15,1,0,0,96,368,772,66,-1,
4,19,15,1,1,0,96,368,772,28,-1,
5,19,15,1,1,1,96,368,15,23,76.256088,0
5,19,15,1,1,2,122,364,14,37,76.256088,|
5,19,15,1,1,3,147,369,72,21,95.681671,There
5,19,15,1,1,4,234,369,54,21,96.343887,need
5,19,15,1,1,5,305,369,26,21,95.737984,be
5,19,15,1,1,6,347,376,27,14,95.737984,no
5,19,15,1,1,7,387,369,64,21,95.777885,takes
5,19,15,1,1,8,466,369,73,21,96.444412,record
5,19,15,1,1,9,554,369,52,21,96.910049,with
5,19,15,1,1,10,622,376,10,14,96.284958,a
5,19,15,1,1,11,649,369,115,27,96.480911,particular
5,19,15,1,1,12,779,369,89,21,96.662163,module
4,19,15,1,2,0,149,407,138,27,-1,
5,19,15,1,2,1,149,407,36,21,96.796890,PK
5,19,15,1,2,2,199,407,88,27,96.470001,planted
3,19,15,2,0,0,97,443,771,67,-1,
4,19,15,2,1,0,97,443,771,29,-1,
5,19,15,2,1,1,97,443,13,14,90.357849,*
5,19,15,2,1,2,123,439,14,37,83.386581,|
5,19,15,2,1,3,147,445,72,21,96.461975,There
5,19,15,2,1,4,229,452,40,14,96.488808,can
5,19,15,2,1,5,282,445,27,21,96.488808,be
5,19,15,2,1,6,320,452,66,20,96.441589,many
5,19,15,2,1,7,395,445,63,21,96.214066,takes
5,19,15,2,1,8,470,445,86,21,96.982391,records
5,19,15,2,1,9,565,445,52,21,96.819733,with
5,19,15,2,1,10,629,452,11,14,96.854858,a
5,19,15,2,1,11,653,445,115,27,96.211166,particular
5,19,15,2,1,12,779,445,89,21,96.175087,module
4,19,15,2,2,0,149,483,138,27,-1,
5,19,15,2,2,1,149,483,36,21,96.796890,PK
5,19,15,2,2,2,199,483,88,27,96.470001,planted
3,19,15,3,0,0,96,521,772,65,-1,
4,19,15,3,1,0,96,521,772,28,-1,
5,19,15,3,1,1,96,521,15,23,74.970139,0
5,19,15,3,1,2,122,517,14,37,74.970139,|
5,19,15,3,1,3,147,522,72,21,96.319984,There
5,19,15,3,1,4,234,522,53,21,96.319984,need
5,19,15,3,1,5,304,522,27,21,96.860565,be
5,19,15,3,1,6,346,529,28,14,95.850494,no
5,19,15,3,1,7,387,522,63,21,96.461128,takes
5,19,15,3,1,8,465,522,73,21,96.540298,record
5,19,15,3,1,9,553,522,51,21,96.329895,with
5,19,15,3,1,10,620,529,11,14,96.919472,a
5,19,15,3,1,11,647,522,116,27,96.787933,particular
5,19,15,3,1,12,776,522,92,21,96.523796,student
4,19,15,3,2,0,149,559,138,27,-1,
5,19,15,3,2,1,149,559,36,21,96.796890,PK
5,19,15,3,2,2,199,559,88,27,96.470001,planted
3,19,15,4,0,0,97,596,13,14,-1,
4,19,15,4,1,0,97,596,13,14,-1,
5,19,15,4,1,1,97,596,13,14,90.726685,*
2,19,16,0,0,0,128,364,3,305,-1,
3,19,16,1,0,0,128,364,3,305,-1,
4,19,16,1,1,0,128,364,3,305,-1,
5,19,16,1,1,1,128,364,3,305,95.000000, 
2,19,17,0,0,0,147,598,721,65,-1,
3,19,17,1,0,0,147,598,721,65,-1,
4,19,17,1,1,0,147,598,721,27,-1,
5,19,17,1,1,1,147,598,72,21,95.737244,There
5,19,17,1,1,2,229,605,40,14,95.737244,can
5,19,17,1,1,3,282,598,27,21,96.641731,be
5,19,17,1,1,4,320,605,65,20,95.992149,many
5,19,17,1,1,5,394,598,64,21,96.109154,takes
5,19,17,1,1,6,469,598,86,21,96.152672,records
5,19,17,1,1,7,564,598,52,21,96.994865,with
5,19,17,1,1,8,628,605,11,14,96.926323,a
5,19,17,1,1,9,651,598,116,27,96.926323,particular
5,19,17,1,1,10,776,598,92,21,96.328354,student
4,19,17,1,2,0,149,636,138,27,-1,
5,19,17,1,2,1,149,636,36,21,96.796890,PK
5,19,17,1,2,2,199,636,88,27,96.470001,planted
2,19,18,0,0,0,79,701,724,21,-1,
3,19,18,1,0,0,79,701,724,21,-1,
4,19,18,1,1,0,79,701,724,21,-1,
5,19,18,1,1,1,79,701,92,21,96.756668,student
5,19,18,1,1,2,184,705,83,17,96.449303,cannot
5,19,18,1,1,3,279,701,51,21,96.568565,take
5,19,18,1,1,4,342,701,38,21,96.400955,the
5,19,18,1,1,5,392,708,62,14,95.994598,same
5,19,18,1,1,6,468,701,88,21,96.760101,module
5,19,18,1,1,7,568,702,70,20,96.601723,twice:
5,19,18,1,1,8,657,701,36,21,96.951111,PK
5,19,18,1,1,9,706,701,25,21,96.340927,of
5,19,18,1,1,10,740,701,63,21,96.501900,takes
2,19,19,0,0,0,892,0,116,110,-1,
3,19,19,1,0,0,892,0,116,110,-1,
4,19,19,1,1,0,892,0,116,110,-1,
5,19,19,1,1,1,892,0,116,110,95.000000, 
2,19,20,0,0,0,942,735,47,11,-1,
3,19,20,1,0,0,942,735,47,11,-1,
4,19,20,1,1,0,942,735,47,11,-1,
5,19,20,1,1,1,942,735,15,11,91.337006,19
5,19,20,1,1,2,963,727,8,28,46.447929,/
5,19,20,1,1,3,974,735,15,11,46.447929,24
1,20,0,0,0,0,0,0,1008,756,-1,
2,20,1,0,0,0,92,260,238,2,-1,
3,20,1,1,0,0,92,260,238,2,-1,
4,20,1,1,1,0,92,260,238,2,-1,
5,20,1,1,1,1,92,260,238,2,95.000000, 
2,20,2,0,0,0,92,260,2,61,-1,
3,20,2,1,0,0,92,260,2,61,-1,
4,20,2,1,1,0,92,260,2,61,-1,
5,20,2,1,1,1,92,260,2,61,95.000000, 
2,20,3,0,0,0,157,280,119,27,-1,
3,20,3,1,0,0,157,280,119,27,-1,
4,20,3,1,1,0,157,280,119,27,-1,
5,20,3,1,1,1,157,280,119,27,96.575455,Sponsor
2,20,4,0,0,0,892,0,116,110,-1,
3,20,4,1,0,0,892,0,116,110,-1,
4,20,4,1,1,0,892,0,116,110,-1,
5,20,4,1,1,1,892,0,116,110,95.000000, 
2,20,5,0,0,0,677,260,239,2,-1,
3,20,5,1,0,0,677,260,239,2,-1,
4,20,5,1,1,0,677,260,239,2,-1,
5,20,5,1,1,1,677,260,239,2,95.000000, 
2,20,6,0,0,0,328,290,351,2,-1,
3,20,6,1,0,0,328,290,351,2,-1,
4,20,6,1,1,0,328,290,351,2,-1,
5,20,6,1,1,1,328,290,351,2,95.000000, 
2,20,7,0,0,0,328,260,2,61,-1,
3,20,7,1,0,0,328,260,2,61,-1,
4,20,7,1,1,0,328,260,2,61,-1,
5,20,7,1,1,1,328,260,2,61,95.000000, 
2,20,8,0,0,0,92,319,238,2,-1,
3,20,8,1,0,0,92,319,238,2,-1,
4,20,8,1,1,0,92,319,238,2,-1,
5,20,8,1,1,1,92,319,238,2,95.000000, 
2,20,9,0,0,0,105,431,206,27,-1,
3,20,9,1,0,0,105,431,206,27,-1,
4,20,9,1,1,0,105,431,206,27,-1,
5,20,9,1,1,1,105,431,114,27,96.555672,Integrity
5,20,9,1,1,2,233,431,78,21,96.555672,Rules:
2,20,10,0,0,0,467,287,71,14,-1,
3,20,10,1,0,0,467,287,71,14,-1,
4,20,10,1,1,0,467,287,71,14,-1,
5,20,10,1,1,1,467,287,71,14,95.521812,sponsors
2,20,11,0,0,0,741,280,111,22,-1,
3,20,11,1,0,0,741,280,111,22,-1,
4,20,11,1,1,0,741,280,111,22,-1,
5,20,11,1,1,1,741,280,111,22,96.465210,Student
2,20,12,0,0,0,677,260,2,61,-1,
3,20,12,1,0,0,677,260,2,61,-1,
4,20,12,1,1,0,677,260,2,61,-1,
5,20,12,1,1,1,677,260,2,61,95.000000, 
2,20,13,0,0,0,914,260,2,61,-1,
3,20,13,1,0,0,914,260,2,61,-1,
4,20,13,1,1,0,914,260,2,61,-1,
5,20,13,1,1,1,914,260,2,61,95.000000, 
2,20,14,0,0,0,677,319,239,2,-1,
3,20,14,1,0,0,677,319,239,2,-1,
4,20,14,1,1,0,677,319,239,2,-1,
5,20,14,1,1,1,677,319,239,2,95.000000, 
2,20,15,0,0,0,176,431,728,64,-1,
3,20,15,1,0,0,176,431,728,64,-1,
4,20,15,1,1,0,343,431,561,27,-1,
5,20,15,1,1,1,343,431,18,21,96.392418,A
5,20,15,1,1,2,373,431,92,21,96.392418,student
5,20,15,1,1,3,478,438,49,20,96.593124,may
5,20,15,1,1,4,540,431,55,21,96.322792,have
5,20,15,1,1,5,607,435,23,17,96.771957,at
5,20,15,1,1,6,644,435,58,17,96.747398,most
5,20,15,1,1,7,714,438,43,14,96.908531,one
5,20,15,1,1,8,768,438,100,20,95.947342,sponsor.
5,20,15,1,1,9,886,431,18,21,96.461365,A
4,20,15,1,2,0,176,468,654,27,-1,
5,20,15,1,2,1,176,475,94,20,96.486107,sponsor
5,20,15,1,2,2,283,475,48,20,96.303200,may
5,20,15,1,2,3,345,468,54,21,96.848396,have
5,20,15,1,2,4,412,475,28,14,96.228279,no
5,20,15,1,2,5,452,468,110,25,96.725990,students,
5,20,15,1,2,6,576,475,23,14,96.069313,or
5,20,15,1,2,7,612,475,49,20,96.637466,may
5,20,15,1,2,8,674,468,54,21,96.914520,have
5,20,15,1,2,9,740,468,90,21,95.880447,several.
2,20,16,0,0,0,178,520,651,27,-1,
3,20,16,1,0,0,178,520,651,27,-1,
4,20,16,1,1,0,178,520,651,27,-1,
5,20,16,1,1,1,178,520,79,21,96.641235,Create
5,20,16,1,1,2,270,527,10,14,96.667755,a
5,20,16,1,1,3,295,527,47,14,96.843208,new
5,20,16,1,1,4,355,520,90,21,96.821701,relation
5,20,16,1,1,5,458,520,52,21,96.504486,with
5,20,16,1,1,6,523,527,62,14,95.729065,same
5,20,16,1,1,7,598,520,38,27,95.729065,key
5,20,16,1,1,8,649,527,24,14,96.503456,as
5,20,16,1,1,9,686,520,80,27,96.437523,‘many’
5,20,16,1,1,10,780,520,49,21,96.272766,end.
2,20,17,0,0,0,679,586,239,28,-1,
3,20,17,1,0,0,679,586,239,28,-1,
4,20,17,1,1,0,679,586,239,28,-1,
5,20,17,1,1,1,679,586,239,28,65.850983,(StudentSponsor.sql)
2,20,18,0,0,0,941,735,16,11,-1,
3,20,18,1,0,0,941,735,16,11,-1,
4,20,18,1,1,0,941,735,16,11,-1,
5,20,18,1,1,1,941,735,16,11,95.846924,20
2,20,19,0,0,0,974,735,15,11,-1,
3,20,19,1,0,0,974,735,15,11,-1,
4,20,19,1,1,0,974,735,15,11,-1,
5,20,19,1,1,1,974,735,15,11,93.525482,24
1,21,0,0,0,0,0,0,1008,756,-1,
2,21,1,0,0,0,892,0,116,110,-1,
3,21,1,1,0,0,892,0,116,110,-1,
4,21,1,1,1,0,892,0,116,110,-1,
5,21,1,1,1,1,892,0,116,110,95.000000, 
2,21,2,0,0,0,79,185,572,101,-1,
3,21,2,1,0,0,79,185,572,101,-1,
4,21,2,1,1,0,79,185,292,23,-1,
5,21,2,1,1,1,79,186,84,16,95.634972,CREATE
5,21,2,1,1,2,177,187,71,15,95.634972,TABLE
5,21,2,1,1,3,266,185,105,23,11.712479,Student
5,21,2,1,1,4,360,175,13,38,11.712479,(
4,21,2,1,2,0,195,211,456,23,-1,
5,21,2,1,2,1,195,213,119,15,84.460732,studentID
5,21,2,1,2,2,332,211,137,23,87.400986,VARCHAR(5)
5,21,2,1,2,3,489,213,98,15,96.476189,PRIMARY
5,21,2,1,2,4,602,213,49,18,96.839645,KEY,
4,21,2,1,3,0,196,237,301,23,-1,
5,21,2,1,3,1,196,238,118,16,92.122276,firstname
5,21,2,1,3,2,332,237,165,23,74.664581,VARCHAR(50)
5,21,2,1,3,3,489,227,11,38,91.539398,,
4,21,2,1,4,0,194,263,288,23,-1,
5,21,2,1,4,1,194,270,94,10,92.797012,surname
5,21,2,1,4,2,303,263,179,23,68.707916,VARCHAR(50));
2,21,3,0,0,0,79,342,572,102,-1,
3,21,3,1,0,0,79,342,572,102,-1,
4,21,3,1,1,0,79,342,292,23,-1,
5,21,3,1,1,1,79,343,84,16,96.320137,CREATE
5,21,3,1,1,2,177,344,71,15,93.268616,TABLE
5,21,3,1,1,3,266,342,105,23,91.969604,Sponsor(
4,21,3,1,2,0,194,369,457,23,-1,
5,21,3,1,2,1,194,371,122,20,80.147614,companylD
5,21,3,1,2,2,332,369,137,23,91.918564,VARCHAR(6)
5,21,3,1,2,3,489,371,98,15,96.610985,PRIMARY
5,21,3,1,2,4,602,371,49,18,96.442192,KEY,
4,21,3,1,3,0,193,397,232,20,-1,
5,21,3,1,3,1,193,397,152,20,90.696007,companyName
5,21,3,1,3,2,361,397,64,18,96.559418,TEXT,
4,21,3,1,4,0,193,421,444,23,-1,
5,21,3,1,4,1,193,421,220,23,67.130569,UNIQUE(companyID
5,21,3,1,4,2,423,436,3,5,86.928833,,
5,21,3,1,4,3,447,421,178,23,90.111122,companyName)
5,21,3,1,4,4,613,417,8,32,91.920097,)
5,21,3,1,4,5,635,428,2,13,91.920097,;
2,21,4,0,0,0,79,474,644,154,-1,
3,21,4,1,0,0,79,474,644,154,-1,
4,21,4,1,1,0,79,474,306,23,-1,
5,21,4,1,1,1,79,475,84,16,96.618050,CREATE
5,21,4,1,1,2,177,476,71,15,93.264481,TABLE
5,21,4,1,1,3,266,474,119,23,85.369995,Sponsors(
4,21,4,1,2,0,195,500,274,23,-1,
5,21,4,1,2,1,195,502,119,15,43.361794,studentID
5,21,4,1,2,2,332,500,137,23,65.425812,VARCHAR(5)
4,21,4,1,3,0,306,526,417,23,-1,
5,21,4,1,3,1,306,527,139,17,93.191360,REFERENCES
5,21,4,1,3,2,464,526,259,23,83.530090,Student(studentID),
4,21,4,1,4,0,194,553,275,23,-1,
5,21,4,1,4,1,194,555,122,20,33.830421,companyID
5,21,4,1,4,2,332,553,137,23,82.476929,VARCHAR(6)
4,21,4,1,5,0,306,579,417,23,-1,
5,21,4,1,5,1,306,580,139,17,91.635979,REFERENCES
5,21,4,1,5,2,463,579,260,23,53.736877,Sponsor(companylD)
5,21,4,1,5,3,715,575,11,32,75.578201,,
4,21,4,1,6,0,192,605,346,23,-1,
5,21,4,1,6,1,192,607,99,15,96.588165,PRIMARY
5,21,4,1,6,2,305,607,42,15,93.240868,KEY
5,21,4,1,6,3,365,605,173,23,80.963943,(studentID));
2,21,5,0,0,0,615,673,312,31,-1,
3,21,5,1,0,0,615,673,312,31,-1,
4,21,5,1,1,0,615,673,312,31,-1,
5,21,5,1,1,1,615,673,312,31,30.253609,(90_StudentSponsor.sql)
1,22,0,0,0,0,0,0,1008,756,-1,
2,22,1,0,0,0,92,197,238,2,-1,
3,22,1,1,0,0,92,197,238,2,-1,
4,22,1,1,1,0,92,197,238,2,-1,
5,22,1,1,1,1,92,197,238,2,95.000000, 
2,22,2,0,0,0,92,197,2,60,-1,
3,22,2,1,0,0,92,197,2,60,-1,
4,22,2,1,1,0,92,197,2,60,-1,
5,22,2,1,1,1,92,197,2,60,95.000000, 
2,22,3,0,0,0,677,197,239,2,-1,
3,22,3,1,0,0,677,197,239,2,-1,
4,22,3,1,1,0,677,197,239,2,-1,
5,22,3,1,1,1,677,197,239,2,95.000000, 
2,22,4,0,0,0,331,226,348,3,-1,
3,22,4,1,0,0,331,226,348,3,-1,
4,22,4,1,1,0,331,226,348,3,-1,
5,22,4,1,1,1,331,226,348,3,95.000000, 
2,22,5,0,0,0,328,197,2,60,-1,
3,22,5,1,0,0,328,197,2,60,-1,
4,22,5,1,1,0,328,197,2,60,-1,
5,22,5,1,1,1,328,197,2,60,95.000000, 
2,22,6,0,0,0,157,206,695,38,-1,
3,22,6,1,0,0,157,206,695,38,-1,
4,22,6,1,1,0,157,206,695,38,-1,
5,22,6,1,1,1,157,216,119,28,96.926788,Sponsor
5,22,6,1,1,2,349,219,2,2,51.754005,:
5,22,6,1,1,3,467,224,71,13,96.193138,sponsors
5,22,6,1,1,4,654,206,16,14,31.238716,=
5,22,6,1,1,5,741,216,111,23,96.216103,Student
2,22,7,0,0,0,92,255,238,2,-1,
3,22,7,1,0,0,92,255,238,2,-1,
4,22,7,1,1,0,92,255,238,2,-1,
5,22,7,1,1,1,92,255,238,2,95.000000, 
2,22,8,0,0,0,677,197,2,60,-1,
3,22,8,1,0,0,677,197,2,60,-1,
4,22,8,1,1,0,677,197,2,60,-1,
5,22,8,1,1,1,677,197,2,60,95.000000, 
2,22,9,0,0,0,914,197,2,60,-1,
3,22,9,1,0,0,914,197,2,60,-1,
4,22,9,1,1,0,914,197,2,60,-1,
5,22,9,1,1,1,914,197,2,60,95.000000, 
2,22,10,0,0,0,677,255,239,2,-1,
3,22,10,1,0,0,677,255,239,2,-1,
4,22,10,1,1,0,677,255,239,2,-1,
5,22,10,1,1,1,677,255,239,2,95.000000, 
2,22,11,0,0,0,80,345,356,27,-1,
3,22,11,1,0,0,80,345,356,27,-1,
4,22,11,1,1,0,80,345,356,27,-1,
5,22,11,1,1,1,80,345,133,27,92.638756,Cardinality
5,22,11,1,1,2,226,345,210,27,96.308250,implementations:
2,22,12,0,0,0,79,480,807,3,-1,
3,22,12,1,0,0,79,480,807,3,-1,
4,22,12,1,1,0,79,480,807,3,-1,
5,22,12,1,1,1,79,480,807,3,95.000000, 
2,22,13,0,0,0,79,556,807,3,-1,
3,22,13,1,0,0,79,556,807,3,-1,
4,22,13,1,1,0,79,556,807,3,-1,
5,22,13,1,1,1,79,556,807,3,95.000000, 
2,22,14,0,0,0,96,409,773,242,-1,
3,22,14,1,0,0,96,409,772,66,-1,
4,22,14,1,1,0,96,409,772,28,-1,
5,22,14,1,1,1,96,409,15,23,81.369514,0
5,22,14,1,1,2,122,405,14,37,81.369514,|
5,22,14,1,1,3,147,410,72,21,96.880669,There
5,22,14,1,1,4,229,410,54,21,96.497124,need
5,22,14,1,1,5,295,410,26,21,96.497124,be
5,22,14,1,1,6,332,417,27,14,96.177216,no
5,22,14,1,1,7,368,417,105,20,96.177216,sponsors
5,22,14,1,1,8,484,410,72,21,96.779121,record
5,22,14,1,1,9,567,410,51,21,96.774582,with
5,22,14,1,1,10,630,417,10,14,96.891479,a
5,22,14,1,1,11,652,410,115,27,96.465630,particular
5,22,14,1,1,12,776,410,92,21,96.522087,student
4,22,14,1,2,0,149,448,138,27,-1,
5,22,14,1,2,1,149,448,36,21,96.796890,PK
5,22,14,1,2,2,199,448,88,27,96.470001,planted
3,22,14,2,0,0,98,486,769,67,-1,
4,22,14,2,1,0,98,486,769,28,-1,
5,22,14,2,1,1,98,486,11,22,84.937050,1
5,22,14,2,1,2,124,482,12,36,84.937050,|
5,22,14,2,1,3,147,487,72,21,95.411186,There
5,22,14,2,1,4,230,494,40,14,95.411186,can
5,22,14,2,1,5,282,487,50,27,96.314430,only
5,22,14,2,1,6,344,487,27,21,95.691765,be
5,22,14,2,1,7,383,487,11,21,95.691765,1
5,22,14,2,1,8,406,494,105,20,96.710144,sponsors
5,22,14,2,1,9,523,487,72,21,96.047310,record
5,22,14,2,1,10,607,487,52,21,96.302582,with
5,22,14,2,1,11,672,494,11,14,96.960480,a
5,22,14,2,1,12,696,487,115,27,93.303474,particular
5,22,14,2,1,13,822,491,45,17,93.072815,stu-
4,22,14,2,2,0,147,522,394,31,-1,
5,22,14,2,2,1,147,524,54,21,96.987480,dent
5,22,14,2,2,2,215,524,36,21,96.948792,PK
5,22,14,2,2,3,265,524,88,27,93.156387,planted
5,22,14,2,2,4,366,537,8,2,92.970863,-
5,22,14,2,2,5,389,524,36,21,96.836090,PK
5,22,14,2,2,6,439,522,102,31,96.756187,(unique)
3,22,14,3,0,0,96,562,773,66,-1,
4,22,14,3,1,0,96,562,773,28,-1,
5,22,14,3,1,1,96,562,15,23,78.671654,0
5,22,14,3,1,2,122,558,14,37,78.671654,|
5,22,14,3,1,3,147,563,72,21,96.813721,There
5,22,14,3,1,4,229,563,53,21,96.065277,need
5,22,14,3,1,5,294,563,27,21,96.065277,be
5,22,14,3,1,6,331,570,28,14,96.024284,no
5,22,14,3,1,7,368,570,105,20,96.024284,sponsors
5,22,14,3,1,8,483,563,73,21,97.007286,record
5,22,14,3,1,9,566,563,52,21,96.501587,with
5,22,14,3,1,10,629,570,10,14,96.501587,a
5,22,14,3,1,11,651,563,115,27,96.385101,particular
5,22,14,3,1,12,775,570,94,20,96.496147,sponsor
4,22,14,3,2,0,149,601,138,27,-1,
5,22,14,3,2,1,149,601,36,21,96.796890,PK
5,22,14,3,2,2,199,601,88,27,96.470001,planted
3,22,14,4,0,0,97,637,13,14,-1,
4,22,14,4,1,0,97,637,13,14,-1,
5,22,14,4,1,1,97,637,13,14,89.658096,*
2,22,15,0,0,0,79,632,807,4,-1,
3,22,15,1,0,0,79,632,807,4,-1,
4,22,15,1,1,0,79,632,807,4,-1,
5,22,15,1,1,1,79,632,807,4,95.000000, 
2,22,16,0,0,0,129,405,1,305,-1,
3,22,16,1,0,0,129,405,1,305,-1,
4,22,16,1,1,0,129,405,1,305,-1,
5,22,16,1,1,1,129,405,1,305,95.000000, 
2,22,17,0,0,0,147,639,722,65,-1,
3,22,17,1,0,0,147,639,722,65,-1,
4,22,17,1,1,0,147,639,722,27,-1,
5,22,17,1,1,1,147,639,72,21,95.622253,There
5,22,17,1,1,2,236,646,41,14,96.443825,can
5,22,17,1,1,3,297,639,27,21,96.211121,be
5,22,17,1,1,4,342,646,65,20,96.100128,many
5,22,17,1,1,5,424,646,106,20,95.839775,sponsors
5,22,17,1,1,6,548,639,86,21,95.839775,records
5,22,17,1,1,7,651,639,52,21,96.686523,with
5,22,17,1,1,8,722,646,11,14,89.153748,a
5,22,17,1,1,9,753,639,116,27,89.153748,particular
4,22,17,1,2,0,147,677,246,27,-1,
5,22,17,1,2,1,147,684,94,20,96.507912,sponsor
5,22,17,1,2,2,254,677,36,21,96.444054,PK
5,22,17,1,2,3,304,677,89,27,96.812386,planted
2,22,18,0,0,0,892,0,116,110,-1,
3,22,18,1,0,0,892,0,116,110,-1,
4,22,18,1,1,0,892,0,116,110,-1,
5,22,18,1,1,1,892,0,116,110,95.000000, 
1,23,0,0,0,0,0,0,1008,756,-1,
2,23,1,0,0,0,892,0,116,110,-1,
3,23,1,1,0,0,892,0,116,110,-1,
4,23,1,1,1,0,892,0,116,110,-1,
5,23,1,1,1,1,892,0,116,110,95.000000, 
2,23,2,0,0,0,79,208,215,22,-1,
3,23,2,1,0,0,79,208,215,22,-1,
4,23,2,1,1,0,79,208,215,22,-1,
5,23,2,1,1,1,79,208,69,22,96.292259,Allow
5,23,2,1,1,2,160,215,11,15,95.535217,a
5,23,2,1,1,3,184,210,62,20,93.113403,NULL
5,23,2,1,1,4,259,208,35,21,91.325714,FK
2,23,3,0,0,0,941,734,49,16,-1,
3,23,3,1,0,0,941,734,49,16,-1,
4,23,3,1,1,0,941,734,49,16,-1,
5,23,3,1,1,1,941,735,15,12,81.259842,23
5,23,3,1,1,2,962,734,7,16,57.599892,/
5,23,3,1,1,3,973,735,17,11,57.599892,24
1,24,0,0,0,0,0,0,1008,756,-1,
2,24,1,0,0,0,892,0,116,110,-1,
3,24,1,1,0,0,892,0,116,110,-1,
4,24,1,1,1,0,892,0,116,110,-1,
5,24,1,1,1,1,892,0,116,110,95.000000, 
2,24,2,0,0,0,79,208,214,21,-1,
3,24,2,1,0,0,79,208,214,21,-1,
4,24,2,1,1,0,79,208,214,21,-1,
5,24,2,1,1,1,79,208,69,21,96.334251,Allow
5,24,2,1,1,2,160,215,11,14,94.902756,a
5,24,2,1,1,3,184,210,62,19,90.163383,NULL
5,24,2,1,1,4,260,208,33,21,90.163383,FK
2,24,3,0,0,0,79,273,366,75,-1,
3,24,3,1,0,0,79,273,366,75,-1,
4,24,3,1,1,0,79,273,219,17,-1,
5,24,3,1,1,1,79,274,63,12,96.524551,CREATE
5,24,3,1,1,2,153,274,53,12,94.773697,TABLE
5,24,3,1,1,3,219,273,79,17,0.000000,Sponsor
5,24,3,1,1,4,291,264,11,32,0.000000,(
4,24,3,1,2,0,102,293,343,16,-1,
5,24,3,1,2,1,102,293,91,15,15.326622,companyID
5,24,3,1,2,2,205,293,103,16,91.806824,VARCHAR(6)
5,24,3,1,2,3,323,293,73,12,96.984131,PRIMARY
5,24,3,1,2,4,407,293,38,14,96.818436,KEY,
4,24,3,1,3,0,101,313,174,15,-1,
5,24,3,1,3,1,101,313,114,15,88.131096,companyName
5,24,3,1,3,2,227,313,48,14,96.569771,TEXT,
4,24,3,1,4,0,101,331,333,17,-1,
5,24,3,1,4,1,101,331,174,17,46.736420,UNIQUE(companyID
5,24,3,1,4,2,273,322,8,32,67.696877,,
5,24,3,1,4,3,292,331,142,17,74.111191,companyName)
5,24,3,1,4,4,419,322,20,32,55.871704,);
2,24,4,0,0,0,79,370,366,75,-1,
3,24,4,1,0,0,79,370,366,75,-1,
4,24,4,1,1,0,79,370,219,17,-1,
5,24,4,1,1,1,79,371,63,12,96.447105,CREATE
5,24,4,1,1,2,153,371,53,12,96.753387,TABLE
5,24,4,1,1,3,219,370,79,17,0.000000,Student
5,24,4,1,1,4,291,361,11,32,0.000000,(
4,24,4,1,2,0,103,390,342,16,-1,
5,24,4,1,2,1,103,390,89,12,62.165123,studentID
5,24,4,1,2,2,205,390,103,16,88.901016,VARCHAR(5)
5,24,4,1,2,3,323,390,73,12,96.942566,PRIMARY
5,24,4,1,2,4,407,390,38,14,96.940193,KEY,
4,24,4,1,3,0,103,410,226,16,-1,
5,24,4,1,3,1,103,410,89,12,92.375473,firstname
5,24,4,1,3,2,205,410,124,16,81.333450,VARCHAR(50)
5,24,4,1,3,3,323,400,8,32,91.882698,,
4,24,4,1,4,0,102,428,216,17,-1,
5,24,4,1,4,1,102,433,70,8,92.908920,surname
5,24,4,1,4,2,184,428,134,17,86.221916,VARCHAR(50)
5,24,4,1,4,3,303,419,19,32,61.901947,);
2,24,5,0,0,0,79,468,356,113,-1,
3,24,5,1,0,0,79,468,356,113,-1,
4,24,5,1,1,0,79,468,229,16,-1,
5,24,5,1,1,1,79,468,63,12,96.496162,CREATE
5,24,5,1,1,2,153,468,53,12,96.653152,TABLE
5,24,5,1,1,3,219,468,89,16,46.784363,Sponsors
5,24,5,1,1,4,301,458,12,32,46.784363,(
4,24,5,1,2,0,103,487,205,16,-1,
5,24,5,1,2,1,103,487,89,12,68.153488,studentID
5,24,5,1,2,2,205,487,103,16,86.831390,VARCHAR(5)
4,24,5,1,3,0,122,505,313,17,-1,
5,24,5,1,3,1,122,506,104,12,93.246231,REFERENCES
5,24,5,1,3,2,240,505,195,17,78.432266,Student(studentID),
4,24,5,1,4,0,102,526,305,16,-1,
5,24,5,1,4,1,102,526,91,15,37.760239,companyID
5,24,5,1,4,2,205,526,103,16,91.589577,VARCHAR(6)
5,24,5,1,4,3,322,526,33,12,96.907295,NOT
5,24,5,1,4,4,365,526,42,12,96.657341,NULL
4,24,5,1,5,0,122,544,313,17,-1,
5,24,5,1,5,1,122,545,104,12,93.057579,REFERENCES
5,24,5,1,5,2,240,544,195,17,37.242908,Sponsor(companylD),
4,24,5,1,6,0,100,565,260,16,-1,
5,24,5,1,6,1,100,565,74,12,96.581291,PRIMARY
5,24,5,1,6,2,185,565,32,12,93.217621,KEY
5,24,5,1,6,3,230,565,130,16,65.079376,(studentID));
2,24,6,0,0,0,941,735,48,11,-1,
3,24,6,1,0,0,941,735,48,11,-1,
4,24,6,1,1,0,941,735,48,11,-1,
5,24,6,1,1,1,941,735,48,11,48.783913,23/24
1,25,0,0,0,0,0,0,1008,756,-1,
2,25,1,0,0,0,892,0,116,110,-1,
3,25,1,1,0,0,892,0,116,110,-1,
4,25,1,1,1,0,892,0,116,110,-1,
5,25,1,1,1,1,892,0,116,110,95.000000, 
2,25,2,0,0,0,79,208,214,21,-1,
3,25,2,1,0,0,79,208,214,21,-1,
4,25,2,1,1,0,79,208,214,21,-1,
5,25,2,1,1,1,79,208,69,21,96.334251,Allow
5,25,2,1,1,2,160,215,11,14,94.902756,a
5,25,2,1,1,3,184,210,62,19,90.163383,NULL
5,25,2,1,1,4,260,208,33,21,90.163383,FK
2,25,3,0,0,0,79,273,799,211,-1,
3,25,3,1,0,0,79,273,799,211,-1,
4,25,3,1,1,0,79,273,652,17,-1,
5,25,3,1,1,1,79,274,63,12,96.524551,CREATE
5,25,3,1,1,2,153,274,53,12,94.773697,TABLE
5,25,3,1,1,3,219,273,79,17,0.000000,Sponsor
5,25,3,1,1,4,291,264,11,32,0.000000,(
5,25,3,1,1,5,512,274,64,12,96.346992,CREATE
5,25,3,1,1,6,586,274,53,12,96.439049,TABLE
5,25,3,1,1,7,653,274,78,16,3.946426,Sponsor
5,25,3,1,1,8,724,264,11,32,3.946426,(
4,25,3,1,2,0,102,293,776,16,-1,
5,25,3,1,2,1,102,293,91,15,15.326622,companyID
5,25,3,1,2,2,205,293,103,16,91.806824,VARCHAR(6)
5,25,3,1,2,3,323,293,73,12,96.984131,PRIMARY
5,25,3,1,2,4,407,293,38,14,96.818436,KEY,
5,25,3,1,2,5,535,293,92,15,62.039074,companylD
5,25,3,1,2,6,639,293,103,16,87.688881,VARCHAR(6)
5,25,3,1,2,7,756,293,74,12,96.755051,PRIMARY
5,25,3,1,2,8,841,293,37,14,96.415100,KEY,
4,25,3,1,3,0,101,313,608,15,-1,
5,25,3,1,3,1,101,313,114,15,88.131096,companyName
5,25,3,1,3,2,227,313,48,14,96.569771,TEXT,
5,25,3,1,3,3,535,313,114,15,87.859467,companyName
5,25,3,1,3,4,660,313,49,14,96.913490,TEXT,
4,25,3,1,4,0,101,331,767,17,-1,
5,25,3,1,4,1,101,331,174,17,46.736420,UNIQUE(companyID
5,25,3,1,4,2,273,322,8,32,67.696877,,
5,25,3,1,4,3,292,331,142,17,74.111191,companyName)
5,25,3,1,4,4,419,322,20,32,55.871704,);
5,25,3,1,4,5,534,332,175,16,44.179882,UNIQUE(companyID
5,25,3,1,4,6,706,322,11,32,44.179882,,
5,25,3,1,4,7,725,332,143,16,51.489227,companyName)
5,25,3,1,4,8,850,322,8,32,42.311409,)
5,25,3,1,4,9,863,322,9,32,42.311409,;
4,25,3,1,5,0,79,370,652,17,-1,
5,25,3,1,5,1,79,371,63,12,96.447105,CREATE
5,25,3,1,5,2,153,371,53,12,96.753387,TABLE
5,25,3,1,5,3,219,370,79,17,0.000000,Student
5,25,3,1,5,4,291,361,11,32,0.000000,(
5,25,3,1,5,5,512,371,64,12,96.069443,CREATE
5,25,3,1,5,6,586,371,53,12,95.686440,TABLE
5,25,3,1,5,7,653,371,78,16,67.169235,Student
5,25,3,1,5,8,724,361,11,32,67.169235,(
4,25,3,1,6,0,103,390,775,16,-1,
5,25,3,1,6,1,103,390,89,12,62.165123,studentID
5,25,3,1,6,2,205,390,103,16,88.901016,VARCHAR(5)
5,25,3,1,6,3,323,390,73,12,96.942566,PRIMARY
5,25,3,1,6,4,407,390,38,14,96.940193,KEY,
5,25,3,1,6,5,536,390,90,12,72.543655,studentID
5,25,3,1,6,6,639,390,103,16,90.797173,VARCHAR(5)
5,25,3,1,6,7,756,390,74,12,96.956963,PRIMARY
5,25,3,1,6,8,841,390,37,14,96.956963,KEY,
4,25,3,1,7,0,103,409,660,17,-1,
5,25,3,1,7,1,103,410,89,12,92.375473,firstname
5,25,3,1,7,2,205,410,124,16,81.333450,VARCHAR(50)
5,25,3,1,7,3,323,400,8,32,91.882698,,
5,25,3,1,7,4,537,410,89,12,92.856598,firstname
5,25,3,1,7,5,639,409,124,17,54.613655,VARCHAR(50)
5,25,3,1,7,6,757,400,8,32,91.907074,,
4,25,3,1,8,0,102,428,629,17,-1,
5,25,3,1,8,1,102,433,70,8,92.908920,surname
5,25,3,1,8,2,184,428,134,17,86.221916,VARCHAR(50)
5,25,3,1,8,3,303,419,19,32,61.901947,);
5,25,3,1,8,4,536,433,70,8,93.171776,surname
5,25,3,1,8,5,617,428,114,17,91.603790,VARCHAR(50)
4,25,3,1,9,0,536,447,184,17,-1,
5,25,3,1,9,1,536,452,69,11,91.690453,sponsor
5,25,3,1,9,2,617,447,103,17,91.659958,VARCHAR(6)
4,25,3,1,10,0,79,468,789,16,-1,
5,25,3,1,10,1,79,468,63,12,96.496162,CREATE
5,25,3,1,10,2,153,468,53,12,96.653152,TABLE
5,25,3,1,10,3,219,468,89,16,46.784363,Sponsors
5,25,3,1,10,4,301,458,12,32,46.784363,(
5,25,3,1,10,5,556,468,104,12,96.501236,REFERENCES
5,25,3,1,10,6,674,458,68,32,1.447845,Sponsor
5,25,3,1,10,7,748,458,108,32,1.447845,(companylD)
5,25,3,1,10,8,864,468,4,16,37.586670,;
2,25,4,0,0,0,100,487,335,94,-1,
3,25,4,1,0,0,103,487,332,35,-1,
4,25,4,1,1,0,103,487,205,16,-1,
5,25,4,1,1,1,103,487,89,12,68.153488,studentID
5,25,4,1,1,2,205,487,103,16,86.831390,VARCHAR(5)
4,25,4,1,2,0,122,505,313,17,-1,
5,25,4,1,2,1,122,506,104,12,93.246231,REFERENCES
5,25,4,1,2,2,240,505,195,17,78.432266,Student(studentID),
3,25,4,2,0,0,102,526,333,35,-1,
4,25,4,2,1,0,102,526,305,16,-1,
5,25,4,2,1,1,102,526,91,15,37.760239,companyID
5,25,4,2,1,2,205,526,103,16,91.589577,VARCHAR(6)
5,25,4,2,1,3,322,526,33,12,96.907295,NOT
5,25,4,2,1,4,365,526,42,12,96.657341,NULL
4,25,4,2,2,0,122,544,313,17,-1,
5,25,4,2,2,1,122,545,104,12,93.057579,REFERENCES
5,25,4,2,2,2,240,544,195,17,37.242908,Sponsor(companylD),
3,25,4,3,0,0,100,565,260,16,-1,
4,25,4,3,1,0,100,565,260,16,-1,
5,25,4,3,1,1,100,565,74,12,96.581291,PRIMARY
5,25,4,3,1,2,185,565,32,12,93.217621,KEY
5,25,4,3,1,3,230,565,130,16,65.079376,(studentID));
1,26,0,0,0,0,0,0,1008,756,-1,
2,26,1,0,0,0,111,196,338,247,-1,
3,26,1,1,0,0,111,196,139,26,-1,
4,26,1,1,1,0,111,196,139,26,-1,
5,26,1,1,1,1,111,204,13,14,68.316040,e@
5,26,1,1,1,2,142,196,108,26,96.407036,UNIQUE
3,26,1,2,0,0,111,242,177,23,-1,
4,26,1,2,1,0,111,242,177,23,-1,
5,26,1,2,1,1,111,250,13,14,39.006767,e@
5,26,1,2,1,2,142,242,61,23,94.844704,NOT
5,26,1,2,1,3,217,243,71,22,94.844704,NULL
3,26,1,3,0,0,111,287,338,69,-1,
4,26,1,3,1,0,111,287,338,31,-1,
5,26,1,3,1,1,111,296,13,14,59.540146,@
5,26,1,3,1,2,142,289,94,21,91.080261,Build-in
5,26,1,3,1,3,249,289,103,21,96.455254,domains
5,26,1,3,1,4,365,287,84,31,96.713425,(types)
4,26,1,3,2,0,111,335,126,21,-1,
5,26,1,3,2,1,111,342,13,14,61.579140,e
5,26,1,3,2,2,141,335,96,21,95.839355,CHECK
3,26,1,4,0,0,111,388,13,14,-1,
4,26,1,4,1,0,111,388,13,14,-1,
5,26,1,4,1,1,111,388,13,14,74.382736,°
3,26,1,5,0,0,111,430,13,13,-1,
4,26,1,5,1,0,111,430,13,13,-1,
5,26,1,5,1,1,111,430,13,13,30.853394,e
2,26,2,0,0,0,142,380,291,69,-1,
3,26,2,1,0,0,142,380,291,69,-1,
4,26,2,1,1,0,142,380,175,23,-1,
5,26,2,1,1,1,142,388,46,14,96.748894,new
5,26,2,1,1,2,202,380,115,23,96.281288,DOMAIN
4,26,2,1,2,0,142,422,291,27,-1,
5,26,2,1,2,1,142,422,130,21,92.781181,Referential
5,26,2,1,2,2,287,422,102,27,95.852654,Integrity
5,26,2,1,2,3,401,422,32,21,96.974617,for
2,26,3,0,0,0,174,461,377,94,-1,
3,26,3,1,0,0,174,461,377,94,-1,
4,26,3,1,1,0,174,461,271,28,-1,
5,26,3,1,1,1,174,471,11,11,46.751785,@
5,26,3,1,1,2,202,463,41,19,91.991867,1:M
5,26,3,1,1,3,257,461,106,28,96.662582,(Optional
5,26,3,1,1,4,376,461,69,28,96.914757,many)
4,26,3,1,2,0,174,494,377,28,-1,
5,26,3,1,2,1,174,504,11,11,39.737186,e
5,26,3,1,2,2,202,496,47,19,96.833626,M:N
5,26,3,1,2,3,263,494,105,28,96.316254,(Optional
5,26,3,1,2,4,381,502,25,13,96.820847,on
5,26,3,1,2,5,420,496,52,19,96.601921,Both
5,26,3,1,2,6,484,494,67,28,96.685867,Sides)
4,26,3,1,3,0,174,527,366,28,-1,
5,26,3,1,3,1,174,538,11,10,44.772026,@
5,26,3,1,3,2,202,529,36,19,91.814728,1:N
5,26,3,1,3,3,252,527,106,28,96.463043,(Optional
5,26,3,1,3,4,370,535,25,13,96.463043,on
5,26,3,1,3,5,409,529,52,19,96.976624,Both
5,26,3,1,3,6,474,527,66,28,96.979385,Sides)
2,26,4,0,0,0,80,629,400,21,-1,
3,26,4,1,0,0,80,629,400,21,-1,
4,26,4,1,1,0,80,629,400,21,-1,
5,26,4,1,1,1,80,629,62,21,96.392952,Code
5,26,4,1,1,2,155,629,106,21,96.392952,available
5,26,4,1,1,3,272,629,56,21,96.649788,from
5,26,4,1,1,4,344,629,136,21,96.639297,Blackboard
2,26,5,0,0,0,941,735,48,11,-1,
3,26,5,1,0,0,941,735,48,11,-1,
4,26,5,1,1,0,941,735,48,11,-1,
5,26,5,1,1,1,941,735,16,11,92.338127,24
5,26,5,1,1,2,962,725,9,31,68.544136,/
5,26,5,1,1,3,974,735,15,11,68.544136,24
